3322,1E8P
3322,1E8Q
4020,1BRV
4023,1Q2N
4023,2SPZ
4052,1JOO
4053,1JOQ
4089,2DEF
4090,2EZH
4114,1A5J
4120,1A60
4129,1Q80
4141,1NK2
4147,1H95
4148,4BMF
4153,1RXR
4155,1EOT
4156,1BJX
4157,1LFC
4172,1BN9
4173,1BM6
4175,1BN0
4176,1BJD
4177,1BO0
4181,1PFD
4182,1BFY
4184,1EH2
4186,1BLR
4187,1SKP
4188,1BCI
4189,1GIW
4190,1BIG
4191,2BMT
4192,1BDE
4194,1BH1
4195,2BTX
4197,2CPS
4198,1BR0
4199,3NLA
4200,1A93
4201,1A3P
4202,1BA9
4202,1RK7
4204,1BQT
4206,1MFN
4207,2ORC
4208,2DVH
4209,2CPB
4210,1BA5
4211,1BBG
4212,1BCV
4213,1BFW
4214,2TMP
4215,1SSN
4216,1BHI
4217,1BHU
4218,1CN2
4219,1BKU
4220,1BMX
4221,1BM4
4222,1MNL
4223,1TBA
4224,1MYO
4225,3GRX
4226,1LDZ
4227,1BQZ
4228,1BQ0
4229,1BQX
4230,1BUQ
4231,1BWE
4232,1ZAC
4235,1BWT
4241,2XBD
4242,3MSP
4243,1C11
4244,1BX5
4246,2V1V
4248,2LEF
4249,1XPA
4250,3PHP
4254,1L3G
4255,2IF1
4257,1VPC
4257,1X9V
4260,1BYV
4261,1BZB
4262,1BZF
4263,2NMB
4264,1VRC
4264,3EZA
4265,1DS9
4265,1M9L
4268,1BD6
4269,1GHT
4269,1HX7
4271,1JFJ
4271,1JFK
4276,1B2I
4281,1Z0R
4285,1K2H
4292,1B1V
4299,2F63
4300,2F65
4312,1JM4
4313,1ZRR
4334,1KQQ
4342,1LY7
4347,1QP6
4351,1QGM
4372,1C32
4372,1C34
4373,1FHO
4378,2LCP
4386,1EZY
4387,8TFV
4391,1JGK
4392,1B0S
4392,1CYZ
4394,2IFE
4395,1B75
4396,1COU
4397,1B2T
4398,1QFA
4399,1CNL
4400,1B4Y
4401,1BLQ
4405,1KHM
4406,1QFB
4407,1CMZ
4409,1QKG
4412,1QL5
4413,1COK
4414,1B3I
4415,1TTD
4416,1COC
4417,1B6F
4418,1CCQ
4419,1CB9
4420,1IM1
4422,1CCV
4424,1QHK
4425,3BDO
4426,2BDO
4427,1QKY
4428,1QQV
4429,1RQU
4429,1RQV
4430,1JWD
4430,2CNP
4431,1CKV
4437,1CEJ
4445,1D8B
4447,1H6Q
4447,1H7Y
4448,1F3Y
4452,2AFP
4455,1CI5
4461,1DF6
4467,1UB1
4473,1L6E
4473,1R2A
4475,1CR8
4476,1B4G
4477,1B4I
4478,1B4R
4481,1B9P
4483,1CB3
4486,2MOB
4487,1CE3
4488,1CFL
4490,1QFD
4491,1QJT
4492,1JBA
4493,1UD7
4494,3LRI
4496,1OM2
4497,7HSC
4498,1CL4
4500,1CNN
4503,1QMW
4506,1CW5
4507,1CW6
4509,1CXR
4510,1CXW
4514,1D2L
4516,1D5G
4519,1D7Q
4522,1D8V
4524,1DAQ
4526,1DC2
4527,1DC7
4528,1DC8
4536,1DGO
4540,1NLA
4540,1QTG
4541,1QUZ
4542,1QE7
4547,1C2Q
4550,1CQO
4551,1CQU
4552,1G8C
4553,1DGQ
4557,1QLO
4566,1L6U
4566,1L6V
4570,1B4O
4574,1D4B
4577,1C05
4579,1HYI
4579,1HYJ
4581,1D1O
4583,1DOQ
4584,1DP3
4585,1DU9
4587,1ED0
4588,1ED7
4589,1EHX
4590,1EIG
4590,1EIH
4591,1EJP
4592,1EJQ
4593,1EOQ
4595,1CKW
4596,1CKX
4597,1CKY
4598,1CKZ
4599,7HSC
4600,1CL4
4601,1DLZ
4602,1DO9
4603,1DV5
4604,1EE7
4607,1EQX
4609,1EMQ
4610,1EVM
4612,1EVO
4614,1F5G
4615,1DKC
4616,1DX7
4617,1DXW
4618,1DXN
4619,1E0E
4620,1E1U
4621,1E4U
4622,1E52
4623,1E5C
4628,1G9E
4630,1DQB
4631,1DU1
4633,1FUW
4634,1FYJ
4635,1G1E
4635,1S5Q
4635,1S5R
4636,1F2H
4637,1F43
4638,1FA3
4639,1FEX
4640,1FJN
4641,1FO7
4642,1FQQ
4643,1FRY
4644,1FV5
4645,1FWO
4646,1FYI
4647,1FYY
4648,1FZT
4649,1G03
4650,1G04
4651,1FDF
4652,1EDX
4653,1EDW
4654,1EDV
4655,1EDS
4656,1G26
4661,1C15
4663,1C3T
4664,1JZU
4666,1DCZ
4666,1DD2
4667,1DEY
4668,1IX5
4669,1CWX
4677,1EXK
4679,1FLS
4679,1FM1
4682,1EII
4688,1ILY
4692,1EL2
4697,1D1N
4700,1CF4
4701,1D9S
4706,1CX1
4716,1N4C
4717,1F7W
4717,1F7X
4721,1D8J
4725,1J5M
4735,1JYT
4738,1FA4
4738,1FAF
4740,1GH9
4743,1EHJ
4743,1LM2
4745,1K8S
4751,1IVM
4752,1J9I
4754,1J5L
4757,1DV0
4759,1QPU
4760,1C49
4771,1S62
4775,1DUJ
4776,1QXN
4778,1FI6
4779,1PLO
4780,1F6U
4781,1F6U
4791,1JR6
4792,2AN7
4797,1KD6
4798,1FPW
4814,1LS4
4815,1FFJ
4816,1JO7
4825,1M58
4829,1JXS
4833,1G6E
4837,1E8E
4838,1L4W
4838,1LJZ
4841,1E91
4845,1E74
4846,1E75
4847,1E76
4850,1FOV
4862,1F8P
4862,1FVN
4869,1LWM
4872,1FMH
4879,1IJA
4880,1H67
4884,1G47
4890,1G25
4891,1G6M
4892,1M31
4893,1KVZ
4894,1EKZ
4895,1G6P
4899,1G5V
4900,1HEH
4900,1HEJ
4902,1RJA
4906,1HF9
4907,1FJP
4910,1HDL
4911,1F96
4912,1F3C
4914,1HFF
4914,1HFG
4914,1HFN
4915,1G9L
4916,1GEA
4917,1BV2
4919,1G7E
4920,2M66
4921,1G92
4923,1G9P
4924,1HP2
4925,1EYF
4927,1N02
4929,1XDX
4930,1PS2
4933,1PS2
4935,1KVN
4935,1KVV
4938,1I17
4939,1FU9
4941,1JJR
4945,1HS7
4946,1HZK
4947,1HZL
4948,1HOY
4950,1QA4
4951,1QA5
4954,1HZE
4954,1I18
4957,1I1S
4958,2NBI
4959,1INZ
4960,1FI3
4966,1I02
4972,1K1C
4977,1N89
4979,1HA8
4980,1QWQ
4984,1KOS
4988,1I25
4989,1HY8
4991,1ILO
4993,1IH9
4994,1IH0
4995,1IHQ
4996,1IIO
4997,1JCO
5004,1IK0
5006,1JBD
5007,1HWQ
5007,1J6Q
5010,1JAJ
5012,1J7M
5018,1ICH
5020,1I98
5021,1I8E
5022,1I4V
5023,1I4C
5024,1IDL
5025,1IDH
5026,1I5T
5026,1M60
5027,1J8K
5028,1IB9
5030,1TUJ
5031,1M2E
5031,1M2F
5033,1I2U
5033,1I2V
5034,1HU6
5034,1HU7
5036,1I11
5037,1HU5
5038,1JAS
5041,1IMO
5041,1IN1
5042,1J8I
5042,1J9O
5043,1H9F
5044,1IE5
5046,1IDV
5047,1JBI
5048,1JBH
5049,1N6U
5049,1N6V
5050,1JC6
5051,1JCU
5052,1JE9
5053,1IFW
5054,1JKN
5055,1IMU
5059,1JE3
5060,1JDQ
5065,1IBI
5066,1JI9
5070,1JH3
5071,1JC2
5072,1JBJ
5073,1JE4
5074,1JEI
5075,1JFN
5077,1JJG
5078,1K8M
5078,1K8O
5082,1JLZ
5083,1JJJ
5084,1JH4
5085,1JGN
5086,1AYG
5091,1JEX
5092,1JO6
5094,1JJL
5094,1K19
5096,1JN7
5097,1IJC
5100,1J2O
5101,1GJZ
5104,1JRM
5106,1RYJ
5108,1JAA
5109,1J9V
5110,1J8Z
5111,1J8N
5112,1JLP
5113,1JLO
5114,1JJZ
5114,1K48
5115,1JI8
5116,1JI8
5117,2PJF
5120,1GK5
5122,1JWE
5129,1IQO
5129,1IQS
5130,1IY4
5131,1GM1
5134,1JS5
5134,1JS7
5135,1JRV
5135,1JRW
5136,1JDK
5137,1JD8
5138,1JCP
5139,1JC8
5140,1JAR
5141,1T4Y
5141,1T4Z
5142,1IY3
5145,1LG4
5147,1JJD
5148,1JQ4
5151,1FD6
5152,1FCL
5154,1D2B
5155,1JRU
5157,1J5B
5159,1XKE
5162,1MP1
5164,1JUU
5165,1JW3
5166,1JW2
5167,1JVE
5169,1JNJ
5170,1JU7
5170,1JWC
5171,1JV8
5171,1JV9
5172,1K3G
5172,1K3H
5173,1K36
5173,1K37
5174,1IRZ
5175,1K5O
5176,1HA9
5177,1TVJ
5178,1K85
5179,1K1Z
5180,1HBW
5181,1K42
5181,1K45
5183,1K09
5184,1J5J
5184,1LGL
5185,1KAT
5187,1V4R
5188,1IRR
5189,1NSH
5192,1K8V
5193,1JZC
5194,1K5W
5196,1JZP
5199,1KG1
5201,1I6Y
5202,2ILX
5203,1KBE
5203,1KBF
5204,1K9C
5205,1K91
5206,1UWO
5207,1KCY
5208,1BNP
5208,1BPD
5208,1BPE
5208,1BPX
5209,1BNP
5209,1BPD
5209,1BPE
5209,1BPX
5209,1XNT
5210,1K7B
5211,1KA7
5212,1KA6
5213,1K0V
5214,1D0W
5215,1D1E
5216,1D1F
5217,1KFT
5220,1K0X
5225,1JNS
5225,1JNT
5232,1KXL
5236,1KN7
5238,1KMX
5238,1VGH
5238,2VGH
5241,1RQM
5242,1KN6
5243,1IR5
5245,1K1R
5246,1KMF
5252,1KKV
5253,1KKW
5255,1WKT
5256,1KKA
5257,1HJ0
5259,1KKA
5261,1J57
5261,1KTU
5262,1CK7
5262,1KS0
5264,1KJ6
5265,1KV4
5266,1KTM
5268,1CIX
5272,1KGM
5273,1KIO
5275,1KQR
5275,1KRI
5276,1KMA
5277,1KMR
5278,1KPY
5278,1KPZ
5279,1KWJ
5279,1L3O
5282,1KR8
5282,1PQT
5283,1KZS
5283,1KZT
5283,1KZV
5284,1KZW
5285,1KZX
5289,1KZ0
5290,1KZ2
5291,1KZ5
5292,1L2Y
5293,1BTA
5293,1L1K
5294,1K81
5294,1K8B
5297,1L2M
5297,1L5I
5298,1L1P
5299,1KLQ
5301,1KYJ
5302,1KUW
5303,1J56
5303,1KRW
5303,1KRX
5304,1KX2
5304,1KX7
5306,1L3E
5308,1M7T
5309,1M3V
5310,2PLD
5312,1NEE
5315,1L4S
5316,1L6N
5317,1ITY
5318,2PLD
5319,1JBH
5319,1KGL
5320,1JJX
5321,1L1W
5323,1L1I
5326,1L6T
5327,1L8C
5328,1L7B
5329,1L7Y
5330,1JBH
5330,1KGL
5331,1JBH
5331,1KGL
5332,1JSA
5332,1LA3
5333,1IT1
5333,2CDV
5334,1G03
5335,1LV3
5337,1CJE
5338,1L3Y
5339,1K2K
5340,2BID
5345,1L1M
5346,1L3X
5347,1O1W
5348,1IW4
5349,1LFU
5353,1LKJ
5354,1LL8
5356,1LQ7
5357,1LKN
5361,1IV6
5363,1LO1
5364,1GO5
5365,2A3S
5365,2D2W
5366,1KMD
5369,1LIQ
5370,1LEJ
5371,1LC6
5372,1LC1
5372,1LC2
5375,1LD6
5376,1LVZ
5377,1UWO
5377,2PRU
5379,1LJV
5381,1LD5
5383,1LV9
5385,1N2W
5386,1LXF
5387,1D3Z
5387,1G6J
5387,1UBQ
5389,1N3G
5390,1LR1
5392,1L8Y
5392,1L8Z
5394,1LPW
5395,1LMV
5396,1LUD
5398,1LMZ
5399,1SXE
5401,1SXD
5403,1C9S
5403,1GTF
5403,1GTN
5405,1M25
5407,1LM0
5409,1QM9
5410,1MPZ
5454,1LBJ
5457,1E91
5457,1PD7
5459,1IYM
5461,1LUI
5461,1LUK
5461,1LUM
5461,1LUN
5463,1LV4
5464,1M36
5465,1M12
5465,1SN6
5466,1LMS
5467,1RI9
5469,1IY5
5470,1IY6
5472,1M8B
5472,1M8C
5473,1M8B
5473,1M8C
5475,1M9W
5480,1SY9
5481,1M94
5482,1MJD
5485,1GO0
5486,1MA2
5486,1MA4
5486,1MA5
5486,1MA6
5487,1MA2
5487,1MA4
5487,1MA5
5487,1MA6
5488,1MA2
5488,1MA4
5488,1MA5
5488,1MA6
5489,1MA2
5489,1MA4
5489,1MA5
5489,1MA6
5491,1IYC
5494,1M02
5495,1LMM
5498,1K4U
5499,1M5Z
5500,1IYF
5501,1M4F
5502,1M4E
5503,1M39
5506,1NWV
5511,1E96
5511,1FOE
5511,1G4U
5511,1HE1
5511,1HH4
5511,1I4D
5511,1I4T
5516,1RSF
5517,1A5J
5525,1M9O
5527,1MB6
5528,1M82
5529,1M9G
5530,1LUX
5531,1LUU
5532,1M4P
5532,1M4Q
5535,1MSZ
5536,1RKN
5538,1H3Z
5542,1OMQ
5544,1B4C
5544,1DT7
5544,1MWN
5544,1QLK
5545,1RMJ
5551,1H0Z
5552,1M3G
5553,1MFY
5554,1MKE
5555,1MM2
5556,1MM3
5557,1MM4
5557,1MM5
5558,1H5P
5560,1RDU
5561,1O6X
5562,1N1K
5564,1MZK
5565,1XHH
5566,1N3H
5567,1N3J
5570,1Q27
5574,1MYU
5575,1MXQ
5576,1MO8
5577,1MO7
5578,1MX8
5579,1MX7
5580,1MQZ
5581,1MQX
5582,1MQY
5583,1L3H
5585,1MTQ
5586,1MV1
5587,1MV2
5588,1MV1
5589,1NXI
5596,1N91
5597,1N9C
5598,1OP1
5598,1OV2
5599,1RW5
5601,1ZRP
5604,1MWY
5604,1MWZ
5607,1MOT
5608,1NXN
5609,1N1U
5610,1MV4
5611,1N6T
5612,1N4N
5613,1N09
5614,1MUV
5616,1O6W
5617,1MVZ
5620,1NE3
5621,1NEI
5622,1NHO
5624,1ND9
5625,1A2I
5625,2BPN
5625,2CTH
5631,1N7T
5632,1NA2
5633,1J0T
5652,1NE5
5653,1J0T
5654,1MPE
5655,1NC0
5657,1NR3
5659,2IN2
5660,1AKK
5664,1NQ4
5667,1N0Z
5668,1NKU
5669,1NJ3
5670,1NBL
5671,1NAJ
5672,1NH5
5673,1NAU
5674,1NIY
5675,1NIX
5676,1N8M
5677,1K05
5677,1K40
5677,1KTM
5678,1S7E
5681,1N96
5683,1NWB
5688,1N5H
5688,1N5P
5689,1QWV
5689,1TWO
5690,1JE9
5690,1NOR
5691,1NY4
5694,1UAO
5695,1NYN
5696,1RGW
5698,1NMR
5701,1R6E
5701,1R9K
5702,1AXH
5705,2KOC
5706,1NY9
5708,1O53
5710,1OQK
5713,1HJM
5714,1ONM
5716,1K8J
5716,1K8L
5716,1K8N
5717,1K8J
5717,1K8L
5717,1K8N
5718,1K8J
5718,1K8L
5718,1K8N
5719,1S79
5720,1AKE
5722,1OQP
5729,1K76
5729,1KFZ
5730,1N8C
5735,1NMJ
5737,1NP9
5738,1NPQ
5739,1N1N
5742,1ON4
5744,1XQ8
5745,1HKO
5746,1AKE
5747,1NVO
5748,1RYU
5750,1OSX
5753,1NG7
5757,1K1C
5758,1OVQ
5764,1NO8
5765,1SU4
5766,1NZP
5767,1ORL
5768,1OQ6
5769,1OPZ
5769,1OQ3
5770,1NWD
5771,1E9T
5771,1PE3
5773,1N8X
5775,1NTQ
5776,1NTS
5777,1NTT
5779,1NNV
5780,1UCP
5781,1OO7
5785,1OO9
5786,1OP4
5787,1Z5F
5790,1NWB
5791,1OSL
5796,1PA4
5798,1NY8
5801,1P9J
5807,1VD0
5808,1PD7
5813,1P6T
5815,1NH4
5817,1PB5
5818,1P9K
5820,1PJZ
5821,1JMC
5822,1JMC
5823,1JMC
5824,1Q6A
5824,1Q6B
5833,1R3B
5834,1PJY
5836,1POQ
5839,2IGD
5839,2IGH
5841,1MZK
5842,1Q48
5842,1R9P
5843,1Q53
5844,2M6Q
5844,2M8W
5845,1R57
5845,2H5M
5847,1PV0
5848,1UGL
5849,1UFM
5850,1P8A
5851,1P7A
5852,1OW9
5859,1PP5
5860,1PXQ
5861,1RFL
5864,1P9F
5865,1PVZ
5866,1PPX
5867,1UHF
5868,1PVE
5869,1PQR
5870,1UGT
5873,1P6R
5873,2P7C
5874,1JRU
5874,1VAZ
5875,1Q1O
5876,1JRU
5876,1V92
5877,1PJF
5877,1ZN5
5878,1SSF
5879,1Q5F
5880,1UHU
5881,1Q2J
5882,2KA3
5882,2OII
5885,1PZQ
5885,1PZR
5891,1XSX
5892,2A2Y
5899,1PUX
5900,1PPQ
5901,1PXE
5902,1H3Z
5902,1RI0
5902,2NLU
5903,2I83
5905,1AZP
5905,1AZQ
5905,1C8C
5905,1CA5
5905,1CA6
5905,1SAP
5907,1RW2
5908,1AZP
5908,1AZQ
5908,1C8C
5908,1CA5
5908,1CA6
5908,1SAP
5909,1BBX
5909,1BF4
5909,1BNZ
5909,1C8C
5909,1CA5
5909,1CA6
5909,1JIC
5909,1SSO
5910,1BBX
5910,1BF4
5910,1BNZ
5910,1C8C
5910,1CA5
5910,1CA6
5910,1JIC
5910,1SSO
5911,1Q2F
5911,1Q2I
5912,1Q2Z
5913,1PE4
5914,1PLX
5915,1PLW
5917,1Q8K
5919,1MNX
5920,1UMQ
5922,1UJL
5923,2A37
5924,1QVX
5925,2A36
5926,1RWD
5927,1PQQ
5928,1VDY
5928,2DCP
5929,1VEE
5929,2DCQ
5932,1Q75
5933,1X9X
5934,1Q7O
5935,1BIF
5935,1TIP
5937,1Q7X
5938,1G89
5938,1QX9
5938,1QXQ
5939,2JP2
5940,2ARW
5941,1G89
5941,1QX9
5941,1QXQ
5944,1Q68
5945,1Q69
5946,2FVN
5947,1RXL
5948,1Q7J
5949,1Q7I
5950,2BN8
5956,1R05
5958,1V49
5960,2H3Q
5961,2FYJ
5961,2FYL
5962,1R2P
5963,2APN
5964,1UNC
5965,1UNC
5966,1UND
5967,1Q9P
5968,1QZP
5969,1O5P
5970,1OVY
5971,1Z66
5972,1R48
5975,1R2U
5975,1R6P
5977,1R73
5978,1R7C
5978,1R7D
5978,1R7E
5978,1R7F
5978,1R7G
5979,1R2L
5981,1YHO
5985,1UL2
5986,1V28
5987,1R8U
5988,1RGJ
5989,5NPN
5991,1R36
5992,2A4J
5994,1R02
5994,1WSO
5998,2F1E
6001,1XWE
6002,1RG6
6004,1Q8G
6005,1RGO
6006,1V46
6007,1RJH
6009,1RDE
6010,1RHX
6011,1RJJ
6012,1RL1
6014,2DDY
6015,2AVG
6017,1V4Z
6018,1V50
6020,1RKK
6022,1Q8L
6024,1ERM
6024,1ERO
6027,1R9I
6028,1RQ6
6029,1SVJ
6029,1U7Q
6029,2A29
6030,2A29
6032,1WM4
6034,1QTS
6037,1RJI
6037,1WT8
6038,1RJT
6039,1R9V
6040,1RG3
6040,1RG4
6041,1QVK
6041,1QVL
6042,1RFR
6043,2P80
6044,1S7A
6045,1S04
6046,1S6N
6047,1S6L
6049,1RK9
6052,1SGO
6053,1ADN
6054,1ADN
6056,1RKL
6058,1RZW
6059,1RFH
6060,1GM1
6060,1VJ6
6062,1S2F
6062,1S34
6063,1RIM
6064,1RIK
6066,1RYV
6067,1RYG
6068,1RU5
6068,1RUU
6069,1RY3
6070,1V6R
6072,1V66
6073,1U3N
6075,1Z2D
6075,1Z2E
6076,1R7W
6077,1R7Z
6079,1TI3
6081,2JNF
6082,1S6D
6083,1S4T
6084,1SQ8
6085,1S6W
6088,1RIJ
6089,1SIY
6090,2GT3
6091,1GM1
6092,1GM1
6093,1POZ
6095,1SB0
6096,1RHW
6101,1S1O
6102,1RWU
6103,1S6J
6104,1S6I
6105,1S4A
6106,1S4J
6107,1S4H
6108,1RRZ
6109,1S8K
6110,1UUC
6111,1Z2F
6114,1OQA
6120,1T17
6121,2DHS
6122,1SLJ
6122,1SMX
6123,1HEV
6123,1Q9B
6123,1T0W
6126,1RY4
6127,1SE7
6128,1SE9
6129,1S6U
6130,1S6O
6131,1SH4
6134,1SA8
6135,1RMK
6137,1SM7
6138,1T0G
6139,1SS3
6150,2POA
6151,1SMZ
6152,1SJ6
6154,1VD9
6155,1VDA
6156,1VD7
6156,1VDB
6157,1VD8
6158,1SN6
6159,2B1O
6160,1SSU
6161,1UST
6162,1USS
6165,1SSL
6166,1SS2
6167,1SNL
6168,1SKL
6169,1SKK
6170,1SKI
6171,1SRZ
6172,1SB6
6173,2LP6
6175,1SZL
6176,1T0Y
6177,1SJR
6178,1SJQ
6179,1UVF
6180,1UVG
6185,1RZS
6186,1SY8
6187,1SF0
6188,1ST7
6189,1SS6
6190,1SO9
6190,1SP0
6191,1SX0
6191,1SX1
6192,1AXH
6194,1AXH
6197,2BTT
6198,1T3V
6200,1SP7
6201,1T6W
6203,1T1P
6204,1T1K
6205,1T1Q
6208,1TUZ
6209,1TIZ
6211,1TDP
6216,1SRK
6217,1T55
6218,1T54
6219,1T52
6220,1T51
6221,1XSF
6222,1T1T
6225,2GS0
6226,2RST
6227,1BTA
6231,2GO0
6233,1YX4
6233,1YX5
6233,1YX6
6235,2N1T
6236,1TKN
6238,1TOT
6241,1YZB
6244,1TM9
6245,1T5Q
6246,1T5M
6247,1TH5
6248,1TTV
6254,1TXE
6259,1TVM
6260,1U0I
6261,1W1F
6262,1TK7
6263,1SPW
6264,1TV0
6264,2GW9
6265,1T1H
6266,1TL4
6268,1U2N
6269,1U3M
6272,1Z9V
6282,1U5L
6284,2HAJ
6285,1U89
6286,1XC5
6287,1SXD
6289,1TM6
6290,1T2Y
6293,1WNM
6294,1WNN
6295,1TVC
6296,1WNK
6298,1TEY
6298,2IIJ
6299,1U5M
6300,1U3O
6301,1U2U
6302,1U7M
6303,1U7J
6307,1U64
6311,2AFJ
6312,1W7D
6313,1GM0
6313,1LS8
6313,1XFR
6315,1U6F
6317,2GZU
6318,1XFL
6320,1XHP
6321,1XFN
6322,1XFQ
6324,1X9A
6325,1WO7
6326,1WO6
6327,1WO5
6328,1WO4
6329,1WO3
6330,1XSA
6331,1WQU
6331,2DCR
6333,2XV9
6335,1XJH
6336,1XSB
6336,1XSC
6337,1XO3
6338,2EVN
6339,1XO8
6341,1XOY
6342,1XOX
6343,1XPN
6344,1XPW
6347,1WPD
6349,1XRD
6350,1WRG
6354,1TQZ
6355,1XHJ
6356,2GA5
6357,1ERM
6357,1ERO
6358,1XS3
6359,1XS8
6362,1XJS
6362,2AZH
6365,1XN6
6366,1ZTS
6367,1XN7
6369,1XN5
6370,1WQK
6374,1XWH
6376,2BVB
6377,1XYJ
6378,1XYK
6380,1XYQ
6381,1XYU
6382,1XU0
6383,1XYW
6384,1XUT
6386,1Y1B
6387,1Y1C
6388,1XV3
6389,1WT7
6390,2AGM
6392,1O7B
6393,1O7C
6395,1YR1
6395,2ALJ
6396,1Y4O
6398,1Y9O
6399,1HH8
6400,2F76
6401,2F77
6402,1Y00
6403,1Y2S
6407,2FK4
6410,1Z7P
6410,1Z7R
6416,1UIV
6419,1XU6
6420,1XT7
6421,1XXZ
6422,1XY4
6423,1XY5
6424,1XY6
6425,1XY8
6426,1XY9
6427,1Y03
6427,1Y04
6434,1Z1Z
6437,2GMC
6437,2GMD
6438,2J48
6443,1YDU
6444,1YCM
6444,1Z3J
6446,1Y4E
6447,1Y7X
6448,1XHS
6454,2AVX
6456,1WA7
6457,2MOR
6459,1YIU
6462,1Y5C
6463,1Y58
6464,1YEL
6465,2AIZ
6467,1WXN
6468,2LGC
6474,1MZK
6475,2BGO
6475,2BGP
6476,1YQA
6477,1YMO
6478,1YFB
6479,1Y6U
6480,1YJV
6481,1YJU
6482,1YJT
6483,1YJR
6484,2CXJ
6489,1WU0
6493,2A3J
6498,1YSM
6499,1XKM
6505,1YEZ
6506,2CA7
6507,1WUM
6507,1ZS5
6508,1WUG
6508,1ZS5
6509,1YG3
6509,1YG4
6510,1YXE
6511,1YT6
6516,2FQ0
6516,2FQ2
6519,1YX7
6519,1YX8
6520,2BIC
6527,1Z09
6529,2LVF
6530,1YMZ
6531,1YUT
6531,1YUU
6532,1YUR
6532,1YUS
6536,2GTJ
6539,2GTO
6540,2AXL
6543,1Z2J
6549,2QMV
6551,1Z00
6551,2AQ0
6552,1YZC
6553,1YZA
6554,1Z0Q
6555,1YWS
6556,1YYB
6557,1WZ4
6558,1YWJ
6559,1YWI
6560,1YYJ
6560,1YYX
6561,1YTR
6562,1Z30
6564,2BO5
6570,1ZZP
6573,1YXR
6574,1YVC
6580,2BBU
6581,2OI3
6581,2OJ2
6589,1X32
6591,1MMC
6594,1Z2Q
6596,1ZA8
6597,1X0O
6597,2A24
6597,2HV1
6598,1Z65
6599,1Z6H
6600,1Z7T
6609,1TTN
6612,1Z1M
6613,1Z8R
6615,1X37
6620,2GOV
6624,2BYE
6625,2AI6
6625,2OZW
6625,2OZX
6627,1ZNU
6629,1ZDV
6631,1ZKH
6633,1ZC5
6635,2BYF
6636,1X5V
6637,1MMC
6639,1MMC
6644,2MUI
6645,2ITH
6647,1MMC
6649,1X60
6652,2ADT
6654,1ZJQ
6654,2AAP
6655,1ZU1
6656,1ZNT
6681,2OBU
6682,1ZR9
6690,2BN5
6692,2BUN
6696,2BUG
6699,2MAZ
6714,2A1C
6715,1ZZA
6716,1Z8S
6717,1ZG2
6718,1ZV6
6720,1ZLC
6721,1ZR7
6721,2DYF
6726,1ZXF
6726,2GKD
6726,2L65
6727,2AJE
6728,2A9H
6729,2E2F
6730,2AAV
6731,2BW2
6737,2A2B
6738,2A4H
6739,2A2P
6740,2A05
6741,2DWF
6741,2JOU
6742,2AGA
6743,2ADL
6743,2ADN
6746,2AKK
6748,2AFF
6749,2CZY
6750,2AGH
6751,2AFD
6751,2AFE
6752,1Z87
6753,2ADZ
6755,2ABY
6757,2AJJ
6757,2AJM
6757,2AJN
6757,2AJO
6759,2H3K
6760,2NPU
6761,2AL3
6762,1Z4H
6763,2HST
6766,2AKL
6769,2LKI
6771,2A63
6774,2AP7
6775,2AP8
6776,2BZT
6779,1ZDX
6780,2OUT
6781,2AQE
6781,2AQF
6786,2IEM
6790,2FVA
6790,2FVF
6794,2C34
6797,2PXG
6800,2GG1
6801,2AWT
6803,2D1U
6803,2K1X
6804,2B88
6804,2K1W
6805,2B89
6806,2B87
6809,2FFK
6809,2FIN
6810,2AYX
6811,2AJ0
6812,2FQH
6814,2AU4
6815,2ATG
6816,2AHQ
6817,2AK0
6818,2AJW
6820,2AMI
6821,2AF2
6822,2L7H
6826,2FY9
6829,2CZN
6835,2AMN
6841,2B1U
6843,2B1W
6844,2AYM
6845,2AQC
6846,2AQA
6849,2B68
6850,2B7E
6856,2AIZ
6858,2AIZ
6860,2GW6
6863,2BAI
6865,2BBX
6867,2ARI
6868,2ASY
6869,2AYA
6872,2B38
6874,2C52
6876,2FO8
6882,2ERS
6884,2FHM
6885,2CKN
6888,2G0K
6888,2G0L
6891,2EW4
6892,2ESY
6893,2BAF
6894,2B3A
6895,2ERR
6896,2BC8
6897,2BC7
6898,2BBL
6898,2BBP
6907,2F3V
6908,2F3W
6910,2FE0
6912,2I9H
6914,2ARF
6915,2LA1
6916,2EWL
6916,2F8B
6919,2CH0
6920,2FFW
6921,2I96
6922,2FE9
6923,2MF9
6924,2AXK
6925,2C06
6926,2FFT
6927,2G5M
6929,2FGX
6931,2FLJ
6933,2FN5
6934,2FEK
6938,2V1N
6943,2JNT
6945,2FS1
6946,2LKC
6951,2FQC
6952,2FQA
6953,2FJ3
6954,2DCI
6955,2F09
6956,2B6G
6957,2FI2
6960,2D82
6962,2FVE
6963,2DDI
6963,2DDJ
6964,2FVT
6965,2FWL
6969,2FXP
6971,2DJK
6972,2DJJ
6975,2F8U
6976,2FJ6
6979,2DD2
6979,2DD3
6980,2G2B
6981,2G0U
6982,2G1E
6986,2GJY
6988,2DEN
6989,2G1D
6991,2CEH
6993,2CEF
6995,2LKD
6996,2CEZ
6997,2G46
6998,2CFJ
6999,2N5G
7000,2A7Y
7001,2G57
7002,2G3Q
7005,2DF0
7006,2DEZ
7007,2G0Q
7008,2FWU
7009,2FWS
7010,2FLG
7011,2FXZ
7012,2FXY
7014,2GDT
7019,2GRI
7019,2IDY
7033,3THK
7034,2GHF
7035,2FRW
7036,2FRY
7050,2DJ9
7051,2DJC
7053,2V31
7054,2GM2
7056,2GMO
7058,2DK9
7061,2G35
7063,2G7J
7064,2GJ0
7065,2G9L
7067,2G31
7068,2GA7
7069,2G9O
7070,2GO9
7074,2GMG
7075,2GPF
7078,2AIH
7079,2GQB
7080,2G9J
7083,2DJM
7085,2GRG
7087,2H0P
7089,2MLS
7092,2GL1
7093,2GTV
7095,2GOW
7097,2GLO
7098,2GM0
7099,2GJI
7101,2GJH
7102,2GJF
7103,2HJI
7106,2JM5
7106,2OWI
7108,2GZY
7109,2GZZ
7111,2JZZ
7112,2HWT
7114,2H25
7116,2GLW
7117,2H1Z
7119,2I3B
7120,2GYT
7121,2DO8
7122,2G7H
7124,2DQ5
7125,2M6Z
7127,2H41
7127,2H45
7128,2HA1
7129,2GGR
7137,2H7T
7147,2H7B
7150,2H7D
7150,2H7E
7151,2H80
7158,2GQE
7166,2H9X
7167,2I3E
7170,2HC5
7177,2H8S
7178,2GZP
7180,2GZO
7181,2H3J
7182,2H7A
7184,2GVS
7185,2GUT
7186,2GX1
7189,2GI4
7194,2HGH
7201,2HJQ
7205,2LCX
7209,2IVW
7220,2I85
7223,2HJ8
7224,2HG7
7225,2HEP
7226,2HGA
7227,2HFI
7228,2HI6
7229,2HDL
7230,2H49
7232,2H3T
7233,2H3S
7233,2H4B
7241,2HUG
7243,2IZ4
7251,2J0Z
7252,2J10
7252,2J11
7256,2HFD
7257,2HVZ
7258,2HN8
7259,2HTF
7260,2HGC
7261,2HJJ
7262,2JM2
7263,2I1P
7266,2HFQ
7268,2V37
7269,2JNK
7270,2O4E
7271,2NNZ
7272,2I59
7273,2I1T
7274,2HH8
7276,2MEY
7282,2I9M
7283,2I9N
7284,2I9O
7285,2J4M
7285,2J4N
7287,2I7K
7288,2J5D
7291,2NPL
7293,2I94
7294,2IGZ
7295,2IGZ
7296,2I8F
7297,2IDA
7298,2I50
7299,2J5H
7301,2O3D
7302,2I4K
7305,2JM8
7306,2JM9
7306,2JMA
7313,2IUE
7314,2E34
7315,2E35
7315,2E36
7320,2ITA
7320,2NRG
7322,2NLN
7323,2NO8
7324,2NPB
7326,2NSV
7327,2NSW
7330,2E0H
7339,2I9Y
7341,2J15
7342,2IWJ
7349,2C0S
7350,2BZB
7351,2BZE
7352,2BL6
7354,2BJC
7360,2IJY
7361,2IT8
7362,2NWT
7364,2E5E
7365,2E45
7366,2NOC
7367,2NS4
7371,2OA4
7376,2M30
7381,2P0P
7382,2OSR
7383,2OSQ
7384,2EC7
7386,2P81
7388,2P5J
7389,2P5H
7390,2JQR
7392,2Z2G
7395,2YZ0
7396,2PP4
7397,2YYF
7399,2PJG
7400,2PJI
7401,2P6J
7402,2PCO
7403,2QH2
7404,2QH3
7405,2QH4
7414,2JXY
7415,2JXY
7419,2V6Z
7420,2JGW
7421,2JGX
7423,2K61
7424,2K61
7425,2K61
7430,2K8V
9500,1VDJ
10001,2CZP
10002,1VEX
10006,1WFU
10008,1WFT
10009,1WFW
10011,2COM
10012,1VDI
10013,1WIL
10014,2F87
10018,2FDT
10019,2RQG
10022,2E8D
10024,2DW3
10025,1UL7
10026,1V5S
10027,2E0G
10028,2DWV
10029,1WFV
10030,1WJO
10031,1WJR
10032,1WJS
10033,1WJZ
10034,1WK0
10035,1WK1
10036,1WLM
10037,1WJQ
10038,1WJP
10039,1WGQ
10040,1WGR
10041,1WGS
10042,1WGV
10043,1WGW
10044,1WH5
10045,1WH7
10046,1WI0
10047,2ECC
10048,1WJI
10049,1WJT
10050,1WJU
10054,1WFQ
10055,1WFS
10056,1WFY
10057,1WFZ
10058,1WIK
10059,1WIN
10060,1WJK
10061,1WJL
10063,1UE9
10064,1UEW
10065,1UFN
10066,1UFX
10067,1UHT
10068,1UJO
10069,1UJS
10070,1WEZ
10071,1WF1
10072,1WF2
10073,1WFJ
10074,1WFM
10075,1WFN
10076,1WFO
10077,1WI8
10079,1V9V
10080,1V9W
10081,1VAE
10082,1WEY
10083,1WFG
10084,1WFI
10085,1WG5
10086,1WGY
10087,1WH3
10088,1WHA
10089,1WJ1
10090,1WJJ
10091,1WJN
10092,1WH4
10093,1WH6
10094,1WH8
10095,1WH9
10097,1J0F
10098,1R79
10099,1UEM
10100,1UEP
10101,1UG7
10102,1UJT
10103,1UJU
10104,1UJX
10105,1V31
10106,1V32
10107,1V5K
10108,1V5N
10109,1V5Q
10110,1V5R
10111,1V63
10112,1V86
10113,1V5M
10114,1V5U
10115,1V88
10118,2EXD
10119,1IUR
10120,1UFG
10121,1J26
10122,1J3T
10123,1N27
10124,1UJV
10125,1WHN
10126,1WHR
10127,1WHU
10128,1VA9
10129,1WF5
10130,1WF9
10131,1V5P
10132,2PAC
10133,2PAC
10136,1UFF
10137,2E4J
10138,2DOG
10141,2E9G
10142,2E9I
10143,2E9J
10144,2EE4
10145,2EE5
10146,2EE6
10147,2EE7
10148,2EE8
10149,2E9K
10150,2ELK
10151,2EN6
10152,2EN7
10153,2EOV
10154,2EOY
10155,2EP2
10156,2YTS
10157,2EOS
10158,2EOU
10159,2EE9
10160,2EEA
10161,2EEB
10162,2EEC
10163,2EED
10164,2EEE
10165,2EEF
10166,2EM1
10167,2EM2
10168,2EM3
10169,2EN8
10170,2EN9
10171,2ENA
10172,2ENC
10173,2ENE
10174,2ENF
10175,2ENH
10176,2YTM
10177,2YTP
10178,2YTT
10179,2EM4
10180,2EM7
10181,2EM9
10182,2EME
10183,2EMF
10184,2EMG
10185,2YTF
10186,2YTG
10187,2YTH
10188,2YTI
10189,2EOM
10191,2EOP
10192,2EOQ
10193,2YUM
10194,2YUO
10195,2YUP
10196,2EM5
10197,2EM6
10198,2EM8
10199,2EMA
10200,2EMB
10201,2EMC
10202,2EMH
10203,2EMI
10204,2EMJ
10205,2EMK
10206,2EOH
10207,2EOW
10208,2EOX
10209,2EOZ
10210,2EP0
10211,2YUQ
10212,2CUD
10213,2E29
10214,2YSE
10215,2ZAJ
10216,2EOF
10217,2EOG
10218,2EOJ
10219,2EOK
10220,2EON
10221,2EOR
10222,2YTQ
10223,2YTR
10224,2EMV
10225,2EMW
10226,2EMX
10227,2EMY
10228,2EMZ
10229,2EN0
10230,2EN1
10231,2EN2
10232,2EN3
10233,2EN4
10234,2YU8
10235,1WGU
10236,2ROZ
10237,2YSZ
10238,2YT0
10239,2YT1
10240,1X69
10241,1X6B
10242,1X6D
10243,1X6E
10244,1X6F
10245,1X6G
10246,1X6H
10247,2CO8
10248,1WZ6
10249,1X05
10250,1X1F
10251,1X1G
10252,2CO9
10253,2COA
10254,2COC
10255,2COD
10256,2COF
10257,2DJR
10258,2DJS
10259,2DJT
10260,2DJU
10261,2DJV
10262,2DKM
10263,2DN7
10264,1X5B
10265,2EDX
10266,2EDY
10267,2EDZ
10268,2EE0
10269,2EE1
10270,2EE2
10271,2EE3
10272,2EKH
10273,2EKI
10274,2EKJ
10275,2YU0
10276,2D9T
10277,2D9U
10278,2D9V
10279,2D9W
10280,2D9X
10281,2CUE
10282,2CUF
10283,2DA1
10284,2DA2
10285,2DA3
10286,2DA4
10287,2DA5
10288,2DA6
10289,2DA7
10290,2DJN
10291,2DMN
10292,2DMP
10293,2DMQ
10294,2DMS
10295,2DMT
10296,2DMU
10297,2E19
10298,2YS9
10299,2DB8
10300,2DBJ
10301,2DBK
10302,2DBM
10303,2EML
10304,2EMM
10305,2EMP
10306,2YRM
10307,2YTD
10308,2YTE
10309,2YTJ
10310,2YTK
10311,2D9Y
10312,2D9Z
10313,2DA0
10314,2DHI
10315,2DHJ
10316,2DHK
10317,2DKP
10318,2DKQ
10319,2DN6
10320,2DI9
10321,2DIB
10322,2DIC
10323,2DJ4
10324,2DLG
10325,2DMB
10326,2DMC
10327,2DS4
10328,2D7M
10329,2D7N
10330,2D7O
10331,2D7P
10332,2D7Q
10333,2DI7
10334,2DI8
10335,2DIA
10336,1WWY
10337,2E5K
11002,2RLG
11003,2RLH
11004,2RLJ
11006,2RQZ
11007,2RLY
11008,2RM0
11009,2RM4
11010,2RMK
11011,2RML
11012,2RMN
11014,2RN1
11016,2RN5
11017,2RN7
11018,2RN8
11019,2RN9
11020,2RNB
11022,2RNG
11024,2RNJ
11026,2RMO
11029,2RNN
11030,2RNO
11032,2RO0
11033,2RNZ
11034,2RO5
11038,2ROH
11040,2ROL
11041,2ROP
11042,2KHE
11043,2ROT
11044,2ROO
11045,2RPD
11046,2RPE
11048,2RPH
11049,2RND
11050,2RMY
11054,2RPS
11060,2RPB
11061,2RPZ
11062,2RQ0
11064,2MUS
11065,2RQ1
11072,2RQ2
11073,2RQF
11076,2RQK
11077,2RQL
11078,2Z5V
11080,2RQS
11081,2RQT
11082,2RQU
11083,2ELL
11084,1WYN
11085,1WYL
11086,1WYO
11087,2YS3
11088,2YS1
11089,2YRY
11090,2YS4
11091,2E6J
11092,2EFI
11093,2E6I
11094,2YS5
11095,2YT2
11096,2ED7
11097,2EDD
11098,2EDE
11099,2EDB
11100,2DML
11101,2DJ1
11102,2DMM
11103,2ED8
11104,2DJ2
11105,2DJ0
11106,2DMK
11107,2DIZ
11108,2DIY
11109,2DJ3
11110,2CUM
11111,1X5K
11112,1X5I
11113,1X5E
11114,1X5C
11115,2RR4
11116,1X5D
11117,1X5A
11118,1X5J
11119,1X5F
11120,1X5H
11121,1X5G
11122,2DBA
11123,2YUS
11124,1WYP
11125,1X4X
11126,1WYQ
11127,1X4Z
11128,1X4Y
11129,1WYR
11130,2CTD
11131,1X4U
11132,2CTO
11133,2D85
11134,2D7L
11135,2CTJ
11136,2CTK
11137,2CTM
11138,2CTL
11139,2CTE
11140,2CTF
11141,2D86
11142,2D87
11143,2D88
11144,2YUA
11145,2D89
11146,2E9H
11147,2YRQ
11148,2YRP
11150,2YS0
11151,2YUU
11152,2YRZ
11153,2ED1
11154,2ECZ
11155,2ED0
11156,2YUN
11157,2YS2
11158,2YUL
11159,2YUR
11160,2YUK
11161,2ECW
11162,2ECT
11163,2ECV
11164,2ECY
11165,2EOI
11166,2EOL
11167,2EOE
11168,2YTN
11169,2EP1
11170,2EP3
11171,2YTO
11173,2DAG
11175,2RR8
11176,2RRC
11178,1UGV
11179,1WI7
11180,1WIE
11181,1WJ3
11182,2CSS
11183,2CSP
11184,2CSQ
11185,2CSI
11186,2D92
11187,2DAZ
11188,2DB5
11189,2DLU
11190,2DMZ
11191,2DM8
11192,2DLT
11193,2EGA
11194,2EGC
11195,2DLS
11196,2EGE
11197,2EHR
11198,1UM7
11199,1WF7
11200,1VA8
11201,1WH1
11202,1WF8
11203,1X5M
11204,1X5N
11205,2COT
11206,1X5R
11207,1X5Q
11208,1X5L
11209,1X43
11210,1X45
11211,1X44
11212,2DAV
11213,2D8H
11214,2D8J
11215,2D8I
11216,2D90
11217,2DL4
11218,2EEL
11219,2DL3
11220,2DL7
11221,2E6Q
11222,2DL5
11223,2DL9
11224,2EQI
11225,2DL8
11226,2E7K
11227,2E7H
11228,2YSQ
11229,2E6P
11230,2E7B
11231,2YRL
11232,2E7M
11233,2DLP
11234,2YSL
11235,2E7C
11236,2YR3
11237,2YSM
11238,2YRH
11239,2YRJ
11240,2COO
11242,2DLM
11244,2EQR
11245,1UH6
11246,1WLN
11247,2CSW
11248,2YUB
11250,2RRE
11251,2RRF
11252,2RRD
11253,1V5O
11254,1V6E
11255,1V95
11256,1WGG
11257,1WGH
11258,1WGK
11259,1WGL
11260,1WGN
11261,1WX7
11262,1WX8
11263,1WX9
11264,1WXA
11265,1WXM
11266,1WY8
11267,1WZ0
11268,1X1M
11269,2DAE
11270,2DAF
11271,2DAH
11272,2DAJ
11273,2DAL
11274,2DAM
11275,2DHX
11276,2DHY
11277,2DHZ
11278,2DI0
11279,2DZI
11280,2DZJ
11281,2DZK
11282,2DZL
11283,2DZM
11284,1WXT
11285,1WXU
11286,1X3A
11287,1X3C
11288,1X3D
11289,1X3H
11290,1X5X
11291,1X5Y
11292,1X5Z
11293,2CU8
11294,2DAW
11295,2DAX
11296,2DAY
11297,2DIG
11298,2DII
11299,2DIL
11300,2DIM
11301,2DIN
11302,2DMD
11303,2DMF
11304,2DOC
11305,1V6G
11306,1V87
11307,1WIM
11308,1WIR
11309,1WJV
11310,1WJW
11311,1X3B
11312,1X5W
11313,2CSY
11314,2CSZ
11315,2CT0
11316,2CT1
11317,2CT2
11318,2CT4
11319,2CT5
11320,2CT6
11321,2CT7
11322,2CU7
11323,2D8Q
11324,2D8R
11325,2D8S
11326,2D8T
11327,2D8U
11328,2D8V
11329,2DAT
11330,2DB9
11331,2DJA
11332,2DJB
11333,2DKT
11334,2DME
11335,2EA5
11336,2EA6
11337,2EBK
11338,2EBM
11339,2ECG
11340,2ECI
11341,2ECJ
11342,2ECL
11343,2ECM
11344,2ECN
11345,2ELJ
11346,2RPJ
11347,2YQL
11348,2E63
11349,1X4K
11350,1X4L
11351,2YUE
11352,1WES
11353,1X4I
11354,1WEN
11355,2DK4
11356,1UJY
11357,2DK7
11358,2E61
11359,2E61
11360,2E61
11361,2E61
11362,2E61
11363,1X4S
11364,2DT6
11365,2DT7
11366,2FHO
11367,2FHO
11368,2YSO
11369,2YSP
11370,2RNE
11371,2RNE
11372,2RNE
11373,2RNE
11374,2RNE
11375,2RNE
11376,2RNE
11377,2EPP
11378,2EPQ
11379,2EPR
11380,2EPS
11417,2DMX
11419,2RRH
11420,2RRI
11422,2RRK
11423,2RRL
11424,2RRM
11426,2RRN
11437,2RRQ
11438,2RRR
11439,2RRS
11440,2RRT
11443,2RRU
11450,2RS2
11451,2RS4
11452,2LIY
11456,2RS6
11457,2RS7
11458,2RS8
11463,2RS9
11468,2RSC
11469,2RSD
11471,2RSE
11472,2RSF
11473,2RSG
11474,2RUT
11475,2RUU
11476,2RUW
11477,2RUX
11478,2RUY
11479,2RUZ
11480,2RV0
11481,2RV1
11482,2RV2
11483,2RV3
11484,2RV4
11485,2RV5
11486,2RUV
11487,2RV7
11488,2RV6
11489,2RU7
11491,2RSM
11496,2RSN
11497,2RSO
11502,2RSQ
11504,2RT5
11505,2RSU
11506,2RSV
11507,2RSX
11508,2RSY
11523,2RT3
11524,2RT4
11525,2RT6
11528,2RT8
11529,2RT9
11530,2RTS
11531,2RTT
11532,2RTU
11534,2RTX
11535,2RTY
11536,2RTZ
11537,2RU0
11538,2MDB
11539,2RTV
11540,2RU1
11541,2RU3
11543,2RU2
11544,2RU4
11546,2RVK
11547,2RU6
11548,2RU5
11549,2RU8
11551,2MJQ
11552,2MJR
11553,2MJS
11554,2MJT
11555,2RU9
11559,2RUC
11560,2RUD
11561,2RUE
11562,2RUF
11563,2RUG
11569,2RUH
11570,2RUI
11578,2RUK
11580,2RUM
11581,2RUN
11582,2RUO
11583,2RUP
11587,2RUQ
11588,2RUR
11590,2RV8
11591,2RV9
11592,2RVA
11594,2RVB
11595,2RVC
11597,2RVF
11599,2RVH
11601,2RVJ
11607,2RVO
11608,2RVP
11609,2RVQ
12032,6NU0
15000,2JM0
15001,2LD1
15007,2NPR
15013,2JMC
15016,2JMF
15020,2IFS
15021,2I7U
15023,2JML
15025,2NVJ
15028,2IPA
15032,2JMR
15037,2IZ3
15038,2OFN
15039,2JMK
15040,2I1E
15041,2I1F
15042,2I1G
15043,2I1H
15044,2I1I
15045,2JMM
15046,2OV6
15051,2I1D
15055,2JMP
15058,2JMS
15059,2O10
15059,2O13
15063,2JMU
15068,2I2J
15069,2I2H
15072,2JMX
15074,2JMO
15079,2JN0
15080,2O32
15080,2O33
15081,2O32
15081,2O33
15083,2O8K
15083,2O9L
15084,2JN3
15085,2JN4
15086,2JN6
15088,2JN7
15089,2JN8
15090,2MA8
15095,2JN5
15098,2CKA
15099,2JMY
15103,2NX6
15104,2NX7
15105,2IKD
15106,2IKE
15107,2E4E
15108,2IMU
15109,2JNG
15110,2HDM
15111,2JNH
15112,2K4W
15113,2IHX
15115,2JNI
15120,2JNP
15124,2JNR
15125,2JNS
15126,2OQ3
15128,2JNU
15133,2JNY
15134,2JNZ
15137,2JO0
15139,2JO6
15140,2EEM
15142,2E8J
15145,2OYV
15145,2OYW
15152,2OT2
15153,2JO9
15154,2JOA
15157,2OJ7
15157,2OJ8
15158,2JO7
15159,2JOC
15160,2I5O
15166,2JOD
15167,2JOE
15169,2JOF
15174,2P4L
15189,2JOP
15190,2JOQ
15192,2JOR
15195,2EFZ
15197,2K7B
15197,2K7C
15203,2JOV
15206,2JOW
15208,2JOX
15210,2JOY
15211,2JOZ
15215,2JP1
15218,2JP5
15226,2UVS
15229,2NXU
15232,2PQE
15240,2JPD
15242,2JPE
15245,2PPZ
15246,2JPI
15247,2V9H
15252,2JPN
15256,2JPO
15257,2JPP
15258,2JPQ
15259,2JPJ
15259,2JPL
15261,2JPK
15261,2JPM
15265,2JPU
15267,2JQ2
15268,2JQ3
15269,2JQ4
15270,2JQ5
15271,2JQ8
15272,2JQB
15273,2JQC
15275,2JQE
15277,2JQF
15278,2JQG
15279,2JQ6
15281,2JQN
15288,2JQO
15290,2JQQ
15295,2JQV
15299,2Z3S
15301,2JQR
15302,2JQW
15306,2JQZ
15312,2JR0
15313,2KN6
15314,2JR1
15315,2Z4F
15317,2JR2
15318,2JR3
15319,2JR4
15320,2JR5
15323,2JR8
15324,2JRA
15325,2JRB
15327,2HGK
15329,2JRF
15331,2JRG
15332,2JRH
15334,2JRL
15337,2JRO
15338,2JRP
15339,2JRM
15341,2JRR
15342,2JRQ
15343,2JRS
15344,2JRT
15345,2JRK
15347,2K8S
15348,2JRZ
15349,2JS0
15350,2JS1
15351,2JS2
15352,2JS3
15353,2JS4
15354,2JS5
15356,2JS7
15357,2KHS
15358,2JSA
15359,2JSB
15361,2JSD
15362,2JSG
15370,2JSN
15371,2JSO
15373,2JSP
15374,2QL0
15375,2KKD
15377,2JR7
15381,2JSX
15382,2JOT
15384,2JST
15385,2JT0
15386,2JT1
15388,2JT3
15390,2JRD
15392,2JO5
15393,2JSS
15394,2JOH
15395,2JT5
15396,2JT6
15399,2JOM
15400,2JT8
15405,2JOO
15407,2JTE
15410,2LD9
15411,2JSW
15415,2JTM
15417,2JTP
15418,2JTT
15419,2JTV
15423,2JTY
15427,2JTZ
15429,2JU3
15430,2JU4
15431,2JU5
15433,2JU7
15434,2JU8
15437,2JUA
15438,2JUB
15439,2JUC
15440,2M2K
15442,2JUG
15444,2JUH
15449,2PNG
15450,2JUM
15451,2JUO
15453,2JUP
15454,2JUU
15455,2JUV
15456,2JUW
15457,2KBB
15462,2JUZ
15464,2JV1
15465,2JV2
15466,2JV4
15471,2JVA
15476,2JVD
15477,2JVE
15478,2JVF
15480,2VB5
15485,2JVO
15487,2JVR
15490,2JVV
15491,2JVW
15499,2JVX
15500,2JVY
15504,2JW1
15507,2VCD
15509,2JUF
15511,2JW8
15512,2LQR
15524,2KWH
15528,2JWN
15532,2JP9
15533,2JPA
15535,2JWS
15536,2JWT
15537,2JWU
15538,2JWV
15542,2JWY
15543,2JX2
15547,2JX5
15550,2JX8
15553,2JX9
15553,2JXA
15554,2JXC
15555,2JXD
15559,2JXF
15562,2JXN
15567,2JXO
15568,2JXP
15571,2JXQ
15572,2JXS
15573,2JXT
15574,2JXU
15575,2JXW
15576,2JXX
15578,2JXY
15579,2JY0
15584,2JY9
15585,2JYA
15591,2JY7
15591,2K0B
15592,2JY8
15593,2LGR
15596,2JYO
15601,2KPH
15603,2K1G
15604,2JZ2
15607,2JZ4
15608,2JZ5
15609,2JZ6
15610,2JZ8
15611,2JZA
15613,2K4L
15614,2JZB
15615,2KMA
15617,2JZC
15618,2JZD
15622,2JOB
15623,2K7D
15624,2JZI
15632,2JZY
15633,2K01
15634,2K02
15635,2K03
15636,2K04
15637,2K05
15638,2N48
15642,2K06
15644,2K0A
15645,2K0D
15651,2K0L
15652,2K0M
15655,2K0Q
15658,2K0X
15659,2K0Y
15660,2M1S
15661,2K0Z
15663,2LC5
15665,2K10
15670,2K16
15671,2K17
15673,2K19
15674,2K1B
15676,2K1D
15677,2K1E
15677,2KB1
15678,2K1H
15679,2K1M
15683,2K1S
15687,2K22
15688,2K24
15689,2K25
15691,2K29
15693,2K27
15695,2K28
15698,2K2A
15700,2K2C
15701,2K2D
15702,2K2E
15704,2K2F
15707,2K2J
15710,2K2M
15716,2ML1
15717,2LB9
15718,2K2O
15721,2N4D
15723,2K87
15728,2K1K
15729,2K2X
15730,2K2Y
15731,2K2Z
15734,2K31
15735,2K32
15737,2K33
15740,2K36
15742,2K37
15743,2KP5
15744,2L7B
15745,2JYM
15746,2JPF
15747,2K3C
15750,2K3D
15752,2JWH
15753,2JWG
15762,2K3I
15763,2K3J
15765,2K3V
15774,2K3M
15775,2LP1
15776,2K3R
15777,2K3T
15778,2K3U
15780,2K3Z
15781,2K41
15783,2K43
15785,2K45
15790,2K48
15791,2K49
15793,2K4B
15796,2K4D
15797,2JSZ
15798,2JSY
15801,2K4J
15804,2K4M
15805,2K4N
15807,2K4Q
15810,2K4V
15811,2K4X
15812,2K4Y
15816,2K4Z
15819,2K50
15821,2K52
15823,2K54
15825,2K57
15828,2K5C
15829,2K5D
15833,2K5E
15834,2K5F
15835,2K5G
15836,2K5H
15837,2K5I
15839,2K5J
15841,2K5L
15843,2N49
15844,2K5P
15845,2K5O
15847,2K5R
15849,2K5V
15850,2K5W
15851,2K60
15852,2K61
15854,2K62
15855,2KG4
15858,2K65
15859,2K66
15860,2K67
15860,2K68
15860,2K69
15863,2K6A
15864,2K6B
15866,2K6D
15870,2K6I
15873,2K6M
15874,2K6N
15876,2K6O
15877,2K6Q
15879,2K6R
15880,2K6S
15893,2K6V
15894,2K6W
15896,2K6Z
15897,2K70
15900,2K72
15902,2K75
15910,2K77
15912,2K79
15913,2K78
15915,2K7E
15916,2K7I
15919,2K7L
15922,2K7N
15923,2K7O
15924,2K7P
15925,2K7Q
15926,2K7R
15928,2K7S
15931,2K7V
15932,2K7Z
15938,2K85
15939,2K86
15941,2K8D
15943,2K8E
15944,2K8F
15946,2K76
15948,2KIZ
15950,2K8I
15951,2K8J
15956,2K3G
15958,2K8Q
15961,2MPO
15964,2K8V
15965,2K8X
15966,2K73
15977,2LT3
15981,2K8Y
15983,2K9E
15987,2K9I
15988,2K9K
15989,2K9N
15992,2K9O
15995,2K9P
15996,2WCY
15999,2K9Q
16001,2K9S
16002,2K9U
16005,2K9Y
16006,2K9Z
16007,2KA0
16012,2KA1
16014,2KA4
16015,2KA6
16016,2KA7
16019,2KA5
16020,2KAD
16024,2KAJ
16025,2KAK
16027,2K91
16028,2KAM
16029,2N4F
16030,2KAT
16032,2KAV
16033,2KAX
16034,2KAY
16037,2KB2
16038,2KB3
16039,2KB4
16040,2KB6
16045,2KBI
16050,2KBM
16051,2KBN
16051,2KEN
16053,2KBT
16054,2K90
16055,2K97
16056,2KBV
16057,2KBZ
16058,2KC0
16061,2KC5
16062,2KC6
16063,2KBX
16064,2KC7
16065,2KC8
16066,2KC9
16068,2KCA
16072,2KCD
16073,2KCG
16074,2KCH
16082,2KCJ
16083,2KCK
16084,2KCL
16085,2ML8
16087,2KCN
16089,2KCO
16090,2KBL
16091,2KCP
16093,2KCQ
16094,2KCR
16096,2KCT
16097,2KCU
16098,2KCW
16099,2KCX
16100,2KCZ
16101,2KD0
16102,2KD1
16103,2KD2
16107,2KD7
16109,2KDB
16110,2KDD
16111,2KPY
16114,2KDI
16116,2KDL
16117,2KDM
16118,2KDN
16119,2KDO
16122,2KDR
16126,2KDX
16127,2KDP
16129,2KE4
16135,2KMT
16136,2W9O
16137,2KE7
16138,2M54
16139,2KE9
16141,6UZJ
16142,2KEC
16143,2KED
16145,2KEE
16147,2MMO
16148,2KEG
16149,2KEH
16150,2W9U
16151,2W9V
16152,2W9W
16153,2KEL
16154,2KEN
16155,2KEO
16156,2KES
16157,2KER
16161,2KEY
16164,2KEP
16168,2JO1
16170,2KF4
16171,2KF5
16172,2KF6
16173,2KFB
16176,2KFD
16178,2KFE
16179,2KFF
16180,2KFG
16181,2KFH
16183,2KFL
16184,2KFM
16185,2KFO
16186,2KFP
16187,2KFQ
16188,2KFS
16189,2KFV
16190,2KFX
16191,2KLE
16193,2KG0
16194,2KG1
16195,2LG1
16196,2KG6
16197,2KG8
16199,2KG9
16200,2KGA
16201,2KGC
16202,2KGD
16203,2KGE
16207,2KT2
16208,2KT3
16209,2KGG
16210,2KGI
16211,2KGJ
16212,2K8Z
16214,2KGO
16215,2LY5
16219,2KGT
16222,2KH3
16223,2KH4
16225,2KH6
16226,2KH7
16226,2KH8
16230,2KH9
16231,2KHA
16233,2LBO
16235,2KHB
16236,2KHC
16237,2KGS
16238,2KHD
16239,2KHF
16240,2KFW
16241,2KHG
16243,2KH9
16244,2KH9
16246,2KH9
16247,2KHK
16248,2KFU
16249,2KHM
16250,2KHN
16251,2KHQ
16252,2L7Z
16253,2KHR
16254,2KHT
16255,2KHV
16256,2KHX
16258,2KHZ
16260,2KI3
16263,2KM6
16264,2KHP
16267,2KI8
16268,2KI9
16269,2KIC
16270,2KID
16271,2KIE
16272,2KIF
16273,2KIG
16276,2KII
16277,2KIJ
16278,2KIL
16283,2KIM
16284,2KIO
16285,2KG2
16293,2KIS
16295,2KIT
16297,2KIV
16298,2KIW
16306,2KSC
16311,2KJ4
16312,2KJ5
16315,2KJ8
16316,2KJ9
16317,2KLL
16318,2KJE
16319,2KJF
16320,2KJG
16321,2KJH
16325,2KJK
16332,2KJN
16333,2KJO
16335,2KJP
16336,2KJQ
16338,2KJR
16339,2KJL
16344,2KJV
16345,2KJW
16347,2KJZ
16348,2KK0
16349,2KK1
16350,2KK2
16352,2KK4
16353,2KK6
16354,2KK7
16355,2KK8
16356,2KKA
16357,2KKE
16361,2KKC
16363,2KKJ
16364,2KKL
16365,2KKM
16366,2KKN
16368,2KKO
16370,2KKQ
16371,2KKS
16372,2KKU
16373,2KKV
16374,2KKX
16375,2KKY
16376,2KKZ
16377,2LEK
16378,2KL1
16380,2KL2
16381,2K4T
16382,2KL3
16384,2KL5
16385,2KL6
16386,2KL7
16387,2KL8
16388,2KLB
16389,2KLA
16390,2KLC
16396,2KLQ
16397,2KKR
16400,2KLW
16403,2KLX
16404,2KLY
16405,2KLZ
16408,2KM0
16411,2KM4
16413,2LJK
16425,2KM8
16426,2KMD
16428,2KMG
16431,2KMJ
16436,2KMO
16437,2KMP
16438,2KMP
16439,2KMS
16440,2KMV
16441,2KMX
16442,2KMW
16443,2KMY
16449,2KN7
16452,2KN8
16465,2KNE
16466,2KNF
16467,2KNH
16468,2KNI
16472,2KNO
16476,2KNR
16477,2KNU
16478,2KNA
16480,2LGP
16482,2KNX
16483,2KNY
16484,2KNZ
16485,2KO0
16486,2KO1
16490,2KO6
16491,2KO7
16492,2KO8
16496,2KNC
16497,2K9J
16498,2KOB
16504,2KOE
16505,2KKG
16507,2KOH
16510,2KE1
16515,2KOJ
16517,2KOK
16519,2KOL
16520,2KOM
16521,2KON
16524,2KOO
16525,2KOP
16526,2KOQ
16527,2KOR
16528,2KOS
16534,2KOU
16536,2KOY
16539,2KOZ
16540,2KP0
16544,2KMU
16545,2KP6
16549,2KP7
16550,2KPA
16551,2KPB
16556,2KPI
16557,2KPJ
16558,2KPK
16559,2KPL
16560,2KPM
16561,2KPN
16562,2KPO
16563,2KPP
16564,2KPQ
16569,2KPT
16570,2KPU
16572,2KPW
16574,2KPZ
16575,2KQ0
16576,2KQ1
16577,2LD5
16578,2KQ2
16585,2KQ3
16589,2KQ5
16590,2KQ6
16592,2KQ8
16594,2KQ9
16596,2KQB
16596,2KQC
16596,2KQD
16596,2KQE
16603,2KQK
16605,2KQL
16606,2KQM
16607,2KQN
16608,2KQP
16610,2KQR
16612,2KQT
16617,2KQY
16620,2KR1
16621,2NDJ
16624,2KR5
16629,2KR7
16632,2KR9
16633,2KRA
16636,2KRF
16637,2KJD
16638,2KRG
16639,2KRI
16640,2KRK
16641,2KRM
16642,2KRN
16643,2KRO
16646,2KRR
16647,2KRS
16648,2KRT
16649,2KRU
16652,2KRX
16653,2L97
16654,2KRY
16655,2KRZ
16656,2KS0
16660,2KS9
16662,2KSH
16663,2KQQ
16665,2KSI
16667,6URP
16671,2KSP
16672,2KSR
16674,2KSU
16675,2KSV
16676,2KSW
16677,2LAG
16678,2KSY
16679,2LFU
16680,2KT0
16681,2KT1
16682,2KT4
16683,2KT5
16684,2KT6
16686,2KT7
16688,2KT8
16691,2KT9
16692,2KTA
16693,2KTC
16694,2KTB
16701,2LGZ
16709,2KTN
16711,2KTS
16714,2Y95
16715,2LAV
16719,2L95
16720,2KU4
16721,2KU3
16722,2KU5
16723,2KU6
16731,2KUC
16732,2KUD
16733,2KUE
16734,2KUF
16737,2KXI
16738,2KUL
16743,2KUN
16744,2KUO
16745,2KUS
16746,2KUT
16747,2KUY
16764,2KUG
16764,2KUH
16767,2KV3
16768,2KV4
16770,2KV7
16771,2KV9
16772,2KVA
16773,2KVB
16774,2KVC
16778,2KVM
16779,2LXD
16782,2KVO
16788,2KVQ
16789,2KVR
16790,2X8N
16791,2KVT
16792,2KVU
16794,2KVS
16795,2KVV
16797,2KVH
16801,2KVZ
16802,2KW0
16805,2KW2
16806,2N47
16807,2KW4
16808,2KW6
16809,2K7A
16810,2KW7
16811,2KW8
16812,2KAE
16813,2KNB
16816,2KW9
16817,2KSG
16818,2K8A
16820,2KCY
16821,2KCV
16822,2KGK
16824,2K42
16831,2KNG
16832,2KTL
16833,2LOY
16834,2KAL
16835,2KWC
16839,2KUM
16840,2L9C
16842,2LDO
16843,2K3B
16846,2KSM
16849,2KKD
16851,2KWF
16852,2KWG
16853,2KLU
16856,2KWL
16857,2KB9
16860,2LML
16861,2KWN
16862,2LAN
16864,5ZB6
16865,2KWO
16868,2KWP
16871,2JWE
16872,2KWQ
16878,2KFT
16879,6GBD
16879,6GBE
16880,2KWU
16881,2KF2
16882,2KHU
16884,2MY8
16885,2KWV
16886,2KWT
16887,2K4E
16888,2K4H
16889,2K4I
16892,2KWZ
16895,2KX0
16897,2KX2
16899,2KX3
16901,2K6T
16905,2LPM
16907,2KXA
16909,2KXC
16911,2LKL
16912,2M4K
16913,2KXG
16915,2KXK
16920,2KXN
16922,2KSF
16923,2KXQ
16926,2KXX
16927,2KXY
16929,2KXV
16934,2KY4
16935,2KY5
16936,2KY8
16941,2KX5
16942,2KY9
16943,2KYA
16944,2KYB
16945,2KYC
16947,2KSD
16950,2KXZ
16951,2KY0
16952,2KY1
16953,2KY2
16954,2KYG
16955,2KYF
16956,2ML3
16957,2KYH
16960,2WH9
16961,2KYI
16963,2KYJ
16967,2KYL
16968,2K6U
16969,2XA6
16970,2KYM
16971,2L8B
16977,2L8K
16978,2KYQ
16979,2KYR
16980,2KYD
16981,2KYS
16983,2KYU
16986,2KXE
16988,2KYW
16989,2KYX
16991,2KYY
16994,2KZ2
16995,2KZ0
16996,2KZ3
16997,2KZ4
16998,2KZ5
16999,2KZ6
17000,2KZ9
17001,2KZA
17002,2KZC
17005,2KZH
17006,2KZB
17007,2KZK
17008,2KZN
17011,2KZQ
17014,2M1B
17015,2K38
17016,2KZ7
17017,2KZR
17018,2KZS
17019,2KZU
17020,2KZV
17021,2KZW
17022,2KZX
17023,2KZY
17024,2L00
17025,2L01
17026,2L02
17028,2L04
17030,2L05
17031,2L06
17032,2L07
17033,2L08
17035,2L09
17038,2L0C
17039,2L0D
17040,2L0E
17044,2L0I
17045,2LPE
17050,2XK0
17062,2L0S
17066,2L0W
17067,2L0Y
17070,2L10
17071,2L11
17072,2L12
17073,2L14
17074,2MYP
17076,2MYN
17077,2MYT
17079,2L1B
17080,2L1C
17081,2L1D
17082,2L1E
17083,2L1F
17086,2L1J
17087,2L1K
17088,2KYE
17089,2KXD
17090,2L1N
17091,2L1O
17092,2L1P
17103,2L1R
17104,2L1S
17105,2L1T
17106,2L1V
17107,2L1Y
17108,2L1Z
17110,2L21
17111,2L22
17124,2L25
17125,2L28
17127,2L29
17132,2L2D
17138,2L2L
17143,2L2N
17145,2L7M
17147,2L7F
17149,2L2P
17149,2LP5
17150,2L2Q
17151,2L2S
17152,2L2R
17153,2L2W
17154,2L2X
17155,2L2Y
17156,2L2Z
17157,2L30
17158,2L31
17160,2LHS
17161,2L9B
17165,2XKS
17166,2XKU
17169,2L33
17173,2LO6
17174,2L39
17175,2L3A
17176,2L3B
17188,2L3E
17191,2L3F
17193,2L3H
17194,2L3I
17196,2L3M
17199,2L3N
17200,2L3R
17202,2L3T
17203,2N57
17213,2L40
17227,2KY3
17228,2L44
17229,2L45
17232,2L47
17233,2L48
17234,2L4A
17235,2L4B
17236,2L4D
17237,2KMZ
17238,2L4E
17239,2L4F
17240,2L4G
17241,2L4J
17242,2L4Q
17243,2KDH
17244,2L43
17245,2L4N
17246,2L4O
17247,2KN0
17249,2ML2
17252,2KN1
17254,2L4S
17255,2L4T
17256,2L4U
17257,2L4W
17258,2L4V
17260,2LEN
17261,2L50
17262,2L51
17263,2L52
17264,2L53
17265,2L4Z
17266,2L55
17267,2L57
17268,2L59
17270,2L5E
17271,2L5G
17272,2L5C
17273,2L5D
17275,2L5L
17277,2L5O
17278,2MOT
17279,2L5P
17280,2L5Q
17281,2L5R
17282,2L4X
17283,2LJ6
17284,2L5T
17286,2L5V
17287,2LLA
17288,2MF2
17289,2L5Y
17291,2L60
17292,2L5Z
17294,2L61
17295,2L62
17296,2L63
17297,2L64
17298,2MDT
17299,6ZOM
17300,6ZOM
17302,2L67
17303,2LKK
17304,2L69
17305,2L6A
17306,2L6B
17307,2L6E
17309,2L6I
17311,2LF1
17312,2L6J
17314,2L6K
17315,2L6M
17316,2KZL
17318,2L6N
17319,2L6P
17320,2L6O
17321,2L6Q
17322,2L6R
17323,2L6U
17324,2MC3
17327,2L6X
17329,2L4H
17330,2L70
17331,2L71
17343,2L73
17344,2L75
17345,2L76
17346,2L77
17347,2L79
17351,2L7D
17352,2L7E
17353,2LMT
17354,2LMV
17355,2L9F
17356,2L7C
17358,2L7J
17359,2L7K
17360,2L7L
17363,2L7N
17364,2LOZ
17365,2L7P
17368,2MQI
17370,2L7Q
17371,2L7R
17374,2LJ8
17377,2L7T
17378,2L7U
17379,2L7V
17381,2L7Y
17382,2L7W
17383,2L7X
17388,2L80
17389,2L81
17390,2L82
17391,2L83
17392,2L84
17393,2L85
17394,2L86
17395,2L87
17396,2L8E
17397,2L88
17398,2L89
17399,2L8A
17401,2L8U
17401,2L8W
17402,2L8D
17403,3ZUA
17405,4AKA
17406,2L8F
17407,2LP0
17408,2L8H
17409,2L8I
17412,2L8J
17414,2L8L
17415,2LQD
17418,2LCJ
17419,2L8N
17420,2L8O
17421,2L8R
17422,2L8P
17423,2L8Q
17424,2L8S
17425,2L8T
17429,2L8V
17430,2L8X
17431,2L8Y
17432,2L90
17433,2L91
17434,2L92
17435,2L93
17436,2L94
17438,2L96
17440,2L98
17441,2L99
17442,2L9A
17443,2Y4W
17447,2LB6
17448,2L9D
17449,2L9E
17450,2L9G
17451,2L9J
17453,2L9H
17456,2LAU
17458,2L9I
17475,2Y9T
17477,2L9L
17478,2L9M
17479,2L9N
17481,2L9P
17482,2L9Q
17484,2L9R
17485,2L9S
17488,2L9U
17489,2L9V
17490,2L9W
17492,2L9X
17493,2L9Y
17494,2L9Z
17495,2LA0
17500,2LA2
17501,2LA3
17502,2LA4
17504,2LA5
17508,2LA6
17509,2LA7
17512,2LZN
17515,2LA8
17517,2LA9
17518,2LAA
17519,2LAB
17520,2LAC
17521,2LAE
17523,2LNC
17524,2LAH
17525,2LAI
17529,2LAJ
17530,2LAK
17531,2LAM
17532,2LAP
17533,2LAQ
17534,2LVL
17535,2LAR
17536,2LAS
17537,2LAT
17538,2LAW
17539,2LAX
17540,2LAY
17541,2LAZ
17542,2LB0
17543,2LB1
17544,2LB2
17545,2LB3
17546,2LB5
17547,2LB7
17551,2LBA
17553,2LBB
17554,2LBC
17557,2LBF
17558,2LBG
17561,2LBH
17562,2LBI
17563,2LBJ
17564,2LBK
17565,2LBL
17569,2LBM
17571,2LBN
17572,2LBQ
17573,2LBR
17574,2LBS
17575,2LBT
17576,2M3T
17577,2LBV
17578,2LBW
17579,2LBX
17580,2LBY
17582,2M3U
17583,2LBZ
17584,2LMA
17585,2LC0
17586,2LC1
17588,2LC2
17594,2LC3
17595,2LCQ
17596,2LSH
17598,2LC4
17599,2LC6
17600,2LC7
17601,2LC8
17603,2LC9
17604,2LCB
17606,2LCC
17607,2MAM
17608,2MBG
17609,2LCE
17610,2N46
17611,2N4B
17612,2LCH
17613,2LCI
17614,2LCK
17615,2LCL
17617,2LCM
17618,2LCN
17619,2LCO
17621,2Y4Q
17622,2YH0
17623,2YH1
17625,2YHH
17628,2LCR
17629,2LCS
17632,2LCT
17633,2LCU
17634,2LCV
17635,2LCW
17636,2LV3
17638,2LCY
17639,2LCZ
17642,2LD0
17643,2MWG
17644,2LD2
17645,2LD3
17646,2LD4
17651,2LD6
17653,2LD7
17655,2LD8
17657,2LDA
17658,2LDC
17659,2LDD
17661,2LDE
17662,2LDF
17667,2LL4
17668,2LDI
17669,2LDJ
17670,2LDK
17671,2LDL
17673,2LDM
17679,2MKN
17680,2LDR
17681,2LDS
17682,2LDT
17683,2LDU
17685,2LWX
17686,2LDY
17687,2LE0
17688,2LE1
17689,2LE2
17690,2LE3
17691,2LE4
17693,2YKA
17694,2LS6
17697,2LE6
17699,2LE7
17701,3ZQD
17702,2LE8
17703,2LTR
17703,2LTS
17704,2LE9
17705,2LEA
17706,2LEB
17707,2LEC
17708,2LED
17709,2LEE
17710,2LEG
17711,2LEH
17713,4BF8
17714,2LEJ
17716,2LEL
17717,2LEM
17719,2LEO
17720,2LEP
17723,2LEQ
17726,2LER
17727,2LES
17729,2LEV
17731,2LEW
17732,2LEX
17733,2LEY
17734,2LEZ
17735,2LF0
17736,2LF2
17737,2LF3
17738,2LF4
17739,2LF6
17741,2LF7
17742,2LF8
17745,2LSN
17746,2LFA
17747,2LFC
17749,2LFD
17750,2LFE
17751,2LFF
17752,2LFG
17753,2LFH
17754,2LFI
17762,2LFJ
17763,2LFK
17764,2LFM
17765,2LFN
17767,2LFO
17768,2LFP
17771,2M0J
17771,2M0K
17772,3ZTG
17775,2LFR
17776,2LFS
17779,2LFL
17780,2LFT
17783,2LFV
17784,2LFW
17786,2LFX
17787,2LFY
17789,2LG0
17790,2LG2
17791,2LG3
17792,2LG4
17797,2LG5
17798,2LG6
17799,2LG7
17803,2LGB
17805,2LGD
17806,2LGE
17807,2LGF
17808,2LGG
17809,2LGH
17810,2LGI
17811,2LGJ
17812,2LGK
17813,2LGL
17814,2LGM
17816,2LGN
17818,2LGO
17821,2LGQ
17822,2LGT
17824,2LGV
17825,2LGW
17827,2LGX
17828,2LGY
17832,2LH0
17833,2N4I
17834,2LH8
17835,2LH9
17838,2LHA
17839,2LHC
17840,2LHD
17841,2LHE
17842,2LHF
17843,2LHG
17849,2LHH
17850,2LHI
17855,2LHJ
17856,2LHK
17857,2M3W
17858,2LHN
17859,2LHO
17860,2LHP
17862,2LHR
17865,2LHT
17867,2LHU
17868,2LHV
17869,2LHW
17870,2LHX
17871,2LHY
17872,2LHZ
17873,2LI0
17874,2LI1
17875,2LI2
17877,2LI4
17879,2LI5
17880,2LI6
17882,2LI7
17883,2LI8
17884,2LI9
17885,2LIA
17886,2M5R
17887,2LIB
17888,2LIC
17889,2LID
17890,2LIE
17891,2LIF
17892,2LYJ
17893,2LYK
17894,2LYL
17895,2LYP
17896,2LYQ
17897,2LYR
17898,2LYS
17899,2MU3
17900,2LIO
17902,2LIQ
17903,2LIR
17904,2LIT
17906,2LIU
17907,2LIW
17908,2LIX
17911,2LIZ
17912,2LJ0
17913,2LJ1
17914,2LJ2
17915,2LJ3
17918,2LJ4
17919,2LJ5
17923,2LJ7
17926,2LJ9
17927,2LJA
17928,2LJB
17929,2LJC
17930,2LJD
17931,2LJE
17932,2LJF
17934,2M38
17935,2LXN
17936,2LJH
17937,2M02
17939,2LJI
17941,2LJJ
17942,2M3M
17948,2LJL
17949,2LJM
17952,2LJP
17953,4A1M
17955,2LJQ
17956,2LJS
17957,2LT2
17958,2LJT
17961,2LKR
17962,2LJU
17963,2LJV
17965,2LJW
17967,2LJX
17968,2LJY
17969,2LK0
17970,2LK1
17971,2LK2
17972,2LK3
17973,2LT5
17974,2LK4
17978,2N4O
17979,2LK5
17980,2LK7
17985,2LK9
17987,2LO7
17988,2LKB
17989,2LW1
17990,2LKJ
17991,2LKG
17992,2LKH
17993,2LQ4
17995,2LKI
17997,2LK6
18000,2LKM
18001,2LKN
18002,2LKO
18003,2LKP
18004,4A24
18005,4A4E
18006,4A4F
18007,4A4G
18008,4A4H
18009,2LKQ
18010,2LKS
18011,2LVV
18012,2LKT
18013,2LKV
18014,2LKW
18015,2LKX
18016,2LKY
18017,2LKZ
18018,2LL0
18019,2LL1
18022,2LL2
18023,2LL5
18027,2LL6
18028,2LL7
18032,2LL8
18034,4A4T
18035,4A4U
18036,4A4S
18037,4A52
18039,4A5V
18040,2LL9
18041,4A53
18042,4A54
18043,2LLD
18044,2LLE
18046,2LLF
18047,2LLG
18048,2LLH
18049,2LLI
18050,2LLJ
18051,2LLK
18053,2LLL
18079,4A4R
18080,2LLM
18081,2LLN
18082,2LLO
18083,2LLP
18084,2LLQ
18085,2LLR
18086,2LLZ
18087,2LLS
18088,2LLT
18089,2LLU
18090,2LLV
18091,2LLW
18092,2LLX
18093,2LLY
18094,2LM0
18095,2LM1
18096,2LM2
18097,2LM3
18098,2LM4
18099,2LM5
18102,2LM8
18107,2LM9
18108,2LME
18110,2LMB
18111,2LMC
18112,2LMD
18113,2MBX
18114,2LMF
18115,2LMG
18118,2LMI
18119,2LMJ
18121,2LT4
18125,2MF6
18126,2LR2
18127,2LMN
18128,2LMO
18129,2LMP
18130,2LRC
18131,2LMQ
18132,4AAI
18134,2LMR
18135,2LMS
18141,2LMZ
18142,2LN0
18145,2LN3
18146,2LN4
18151,2LWJ
18152,2LN7
18153,2LN8
18156,2LNA
18158,2LNB
18159,2YOM
18160,2YON
18161,2LND
18162,2LNE
18163,2LNF
18164,2LNG
18165,2LNH
18166,2LNI
18167,2LNJ
18169,2LNK
18170,2LNL
18171,2LNM
18175,2LNQ
18178,2LNS
18179,2LNT
18180,2LNU
18181,2LNV
18182,2LNW
18183,2LNX
18184,2LNY
18186,2LNZ
18187,2LO0
18190,2LO1
18191,2LO2
18192,2LO3
18193,2LQK
18194,2LT1
18195,2LO4
18199,2LO5
18199,2LO8
18199,2LOA
18200,2MLK
18201,2M5J
18203,2LO9
18205,2LOB
18206,2LOC
18209,2LOD
18210,2LOE
18211,2LY2
18214,2LOJ
18215,2LOK
18216,2LOL
18217,2LOM
18218,2LON
18219,2LOO
18220,2LOP
18221,2LOQ
18222,2LOR
18223,2LOS
18224,2LOT
18225,2LOU
18226,2LOV
18227,2LOW
18228,2M3V
18229,2LOX
18230,2LP2
18231,2LP3
18234,2LP4
18237,2LP7
18238,2LP8
18239,2LP9
18240,2LPA
18242,2M5V
18244,2LPB
18250,2LPC
18255,2LPD
18256,2LPF
18261,2LPI
18262,2LPJ
18263,2LPK
18269,2LPN
18276,2MEX
18277,2LPU
18278,2LPV
18279,2LPW
18281,2LPX
18282,2LPY
18283,2LRV
18284,2LQ0
18286,2LQ1
18289,2LQ2
18290,2LQ3
18292,2LQ5
18296,2LQ6
18297,2LQ7
18298,2LQ8
18299,2LQ9
18300,2LQA
18301,2LQB
18302,2LQC
18313,2LQG
18314,2LQH
18315,2LQI
18316,2LQJ
18318,2LQL
18320,2LQM
18321,2LQN
18322,2LQO
18323,2LQP
18325,2LQQ
18328,2LQT
18329,2LQU
18332,2LQV
18333,2LQW
18334,2LQX
18335,2LQY
18336,2LQZ
18337,2LR0
18338,2LUW
18340,2LR1
18341,4ASV
18342,4ASW
18345,2LR3
18346,2LR4
18347,2LR5
18349,2LR6
18350,2LR7
18351,4AOG
18352,2LR8
18354,2LR9
18355,2LRA
18356,2MP4
18357,2LRD
18358,2LRE
18363,2MDL
18364,2LRG
18372,2LRH
18374,2LRI
18375,2LRJ
18378,4APD
18379,2LRK
18379,2LRL
18387,2LRN
18388,2LRO
18389,2LRP
18390,2LRQ
18391,2LRR
18393,2LRS
18394,2LRT
18398,2LRU
18399,2LRW
18400,2LRX
18404,2LS0
18405,2LS1
18408,2LS2
18409,2LS3
18410,2LS4
18411,2LS5
18412,2LS7
18415,2LS8
18416,2LWP
18416,2M8S
18418,2LS9
18420,2LSA
18425,2LUC
18426,2LSB
18427,2LSC
18429,2LSE
18430,2LSF
18431,2LSG
18432,2LSI
18433,2LSJ
18434,2LSK
18435,2LSL
18437,2LSM
18438,2LSO
18439,2LSP
18440,2LSQ
18441,2LSR
18442,2LSS
18443,2LST
18445,2LSU
18447,2LSV
18449,2LSW
18452,2LSX
18453,2LSZ
18454,2LT0
18455,2LSY
18459,4AR0
18462,2LT7
18463,2LT8
18464,2LT9
18465,2LTA
18466,2LTB
18467,2LTC
18468,2LTE
18469,2LTD
18471,2NAS
18474,2M1H
18475,2LTF
18478,2M16
18480,2LTH
18481,2LTI
18484,2LTJ
18485,2LTK
18487,2LTL
18489,2LTM
18490,2LTO
18492,2LTP
18493,2LTQ
18496,2LTT
18497,2LTU
18498,2LTV
18499,2LTW
18500,2LTX
18501,2LTY
18502,2LTZ
18503,2LU0
18504,2LU1
18506,2LU2
18507,2LU3
18508,2LU4
18509,2LU5
18510,2LU6
18511,2LU7
18513,2LU9
18514,2LUA
18515,2LUB
18517,2LUD
18518,2LUE
18519,2LUF
18520,2LUG
18521,2LUH
18522,2LUI
18523,4AXP
18524,2LUJ
18526,2LUL
18531,2LUM
18532,2LUN
18533,2LUO
18534,2LUP
18535,2LUQ
18536,2LUR
18539,2LUS
18540,2LUT
18541,2LUU
18542,2LUV
18545,2LUX
18546,2LUY
18547,2LUZ
18548,2M5H
18549,2LV0
18550,2LV1
18551,2LV2
18553,2LV4
18555,2LV5
18556,2LV6
18557,2LV7
18558,2LV8
18559,2LV9
18560,2LVA
18561,2LVB
18562,2N9W
18563,2LVC
18565,2N9V
18566,2M5S
18567,2N8Q
18568,2LVG
18570,2LVH
18571,2LVI
18572,2LVJ
18573,2LVK
18579,2LVM
18581,2LVN
18582,2LVO
18583,2LVP
18584,2LVQ
18586,2LVR
18586,2LVT
18586,2LVU
18587,2M0A
18589,2LVS
18590,4B19
18591,2LVW
18592,2LVX
18593,2LVY
18595,5UK6
18596,2LVZ
18599,4B2S
18600,4B2U
18602,2LW3
18605,2LW4
18606,2LW5
18607,2LW6
18612,2LW7
18613,2LW8
18614,2LW9
18617,2LWA
18618,2LWB
18619,2LWC
18621,2M5W
18622,2LWD
18623,2LWE
18624,2LWF
18625,2LWG
18626,2LWH
18627,5T7C
18628,2MVZ
18629,2LWI
18632,6I9F
18633,2LWK
18634,2LWL
18636,2N0M
18637,4UET
18638,2LWM
18639,2LWN
18640,2LWO
18641,2LWQ
18642,2LWR
18643,2LWS
18644,2LWT
18645,2LWU
18648,2LZ4
18649,2LZ3
18650,2LWW
18651,2MME
18653,2LWY
18654,2LWZ
18655,2LX0
18656,2LX1
18657,2LX2
18657,2LX3
18658,2LX4
18659,2LX5
18661,2LX6
18662,2LX7
18663,4B6V
18667,4B6U
18668,2LX9
18669,2LXA
18670,2LXB
18671,2LXC
18672,2LXE
18673,2LXF
18677,2LXH
18678,2LXI
18679,2LXJ
18680,2LXK
18681,2LXL
18682,2LXM
18684,2LXO
18688,2LXP
18690,2LXQ
18692,2LXR
18694,2LXS
18695,2LXT
18698,2LXU
18699,2LXV
18700,2LXW
18702,4B8T
18703,2LXY
18705,2LXZ
18706,2LY0
18707,2LY3
18709,2LY4
18710,2LY6
18711,4BA8
18712,2LY7
18713,2LY8
18714,2LY9
18715,2LYA
18716,2LYB
18717,2LYC
18720,2LYD
18722,2LYE
18723,2LYF
18724,2LYG
18725,2LYH
18726,2LYI
18728,2LYV
18729,4B2V
18732,2LYX
18733,2LYY
18734,2LZ0
18735,2LZ1
18736,2LZ5
18737,2LZ6
18749,2LZE
18753,2LZF
18755,2LZG
18757,2LZI
18758,2LZJ
18762,2LZK
18763,2LZL
18764,4BD3
18766,2LZO
18768,2LZP
18769,2LZQ
18770,2LZR
18771,2LZS
18776,2MPU
18778,2LZU
18780,2LZV
18781,2LZW
18782,2YMJ
18783,2LZX
18784,2LZY
18787,2LZZ
18788,2M00
18789,2M01
18792,2M03
18793,2M04
18794,2M05
18796,2M06
18797,2M07
18801,2M08
18802,2M09
18804,2M0B
18805,2M0C
18806,2M0D
18806,2M0E
18806,2M0F
18808,2M0G
18809,2M0H
18811,2M0M
18812,2M0N
18813,2M0O
18816,2M0P
18817,2M0Q
18818,2M0R
18822,2M0S
18823,6GMS
18824,2M0T
18825,2M0U
18826,2M0V
18830,2M0W
18831,2M0X
18832,2M0Y
18833,2M0Z
18834,2M10
18835,2M11
18838,2M12
18840,2M13
18841,3ZBE
18842,2M14
18843,2M74
18844,2M17
18845,4CH0
18846,4CIO
18847,2M18
18849,2NAZ
18850,2M19
18852,2M1A
18853,2MHK
18856,2M1C
18858,2M1D
18859,2M1E
18861,2M1F
18862,2M1G
18863,3ZD0
18864,2M1I
18865,2M1J
18868,2M1K
18869,2M1L
18870,2M1M
18871,2M1N
18872,2M1O
18874,2M1R
18875,2M1P
18876,2MPS
18877,2M29
18878,3ZEH
18879,2M1T
18880,2M1U
18881,2M1V
18882,2M1W
18883,2M1X
18887,2M1Z
18888,2M20
18891,2M21
18892,2M22
18893,2M23
18894,2M24
18896,2N17
18897,4B1Q
18900,3ZG4
18901,2M26
18902,2M27
18904,2M2A
18905,2M2B
18906,2N5N
18907,2M2C
18908,2M2D
18909,2M2E
18910,3ZGK
18911,3ZGP
18912,2M2F
18913,2M2G
18914,2M2H
18916,2M2I
18917,2M2J
18919,2M33
18920,2M2L
18921,2M2M
18923,2M2N
18924,2M2O
18925,2M2P
18926,2M2Q
18931,2M2S
18933,2M2T
18934,2M2U
18935,2M2V
18935,2M2W
18937,2M2X
18938,2M2Y
18939,2MJG
18942,2M32
18943,3ZFJ
18944,2M34
18945,2M35
18946,2M36
18948,2M37
18950,2M39
18951,2M3A
18952,2M3B
18953,2M3C
18954,2M3D
18955,3ZJ1
18956,3ZJ2
18958,2M3E
18959,2M3F
18963,2M3H
18964,2M3I
18965,2M3J
18966,2M3K
18967,2M3L
18970,2M3N
18971,2M3O
18972,3ZKT
18973,2M3P
18974,2MER
18975,2MEQ
18976,2M3S
18978,2M3X
18979,2M3Y
18980,2M3Z
18981,2M40
18982,2M41
18984,2M43
18985,2M44
18986,2M45
18987,2M46
18989,2M47
18990,2M48
18995,2M49
18998,2MI9
18999,2MIA
19000,2M4E
19001,2M4F
19002,2M4G
19003,2M4H
19007,2M4I
19009,2M4J
19012,2M4L
19013,2M4M
19014,2M4N
19017,2M4P
19018,2M4Q
19023,2M4V
19024,2M4W
19026,2M4X
19027,2M4Y
19028,2MEZ
19030,2M4Z
19032,2M50
19033,2M51
19034,2M52
19035,2M53
19036,2M55
19038,2M56
19039,2M57
19040,2M58
19041,2M59
19042,2MPE
19043,2M5A
19045,2M5B
19047,2M5C
19048,2M5D
19049,3ZOB
19050,2M5E
19052,2M5F
19053,2M5G
19054,2M5I
19056,2MOQ
19058,2M5K
19059,2M5L
19060,2M5M
19062,2M5N
19066,3ZPD
19067,3ZPM
19068,2M5O
19070,2M5P
19071,2M5Q
19077,2MUU
19078,5MS9
19079,2M5T
19081,2M5U
19084,2MMH
19085,2M5X
19086,4BEH
19087,2M5Y
19094,2M5Z
19095,2MNA
19098,2MZJ
19101,2M60
19102,2M61
19103,2M62
19106,2M63
19107,2M64
19108,2M65
19111,2MUX
19115,2MOZ
19117,2M68
19124,2M6A
19126,2M6B
19126,2M6I
19128,2M6C
19129,2M6D
19130,2M6E
19131,2M6F
19132,2M6G
19133,2M6H
19142,2M6J
19143,2M6K
19144,4BH9
19145,4BHP
19146,2M6M
19147,2M6N
19148,2M6O
19149,2M6P
19151,2M6R
19152,2M6S
19153,2M6T
19155,2M6U
19157,3ZPK
19158,2M6V
19159,2M6W
19162,2M6X
19163,2M6Y
19164,4BIT
19167,2M70
19168,2M71
19169,2M72
19170,2M73
19174,2M76
19175,2M77
19176,2M78
19177,2M79
19178,2M7A
19179,2M7B
19180,2M7C
19183,2M7D
19184,2M7E
19185,2M7G
19187,2MA3
19190,2M7I
19192,2M7J
19193,2M7K
19195,2M7L
19196,2M7M
19197,2M7N
19198,2M7O
19200,2M7P
19201,2M7Q
19202,2M7R
19203,2M7S
19205,2M7T
19210,2M75
19211,2M7F
19212,2M7H
19213,2M7U
19214,2M7V
19215,2M7W
19216,2M7X
19217,2M7Z
19218,2M80
19219,2MR3
19220,2MQW
19221,2MRI
19225,2M83
19226,2M8A
19229,2M85
19230,2M86
19231,2M87
19232,2M88
19233,2MGP
19234,2MGR
19235,2M89
19237,2M8B
19238,2MES
19242,2M8C
19248,2M8D
19249,2M8E
19250,2M8F
19251,2M8G
19252,2M8H
19258,2M8I
19259,2M8J
19260,2M8K
19261,2M8L
19262,2M8M
19263,2M8O
19264,2M8P
19266,2M8R
19268,2M8T
19273,2M95
19274,2M8U
19275,2M8V
19276,2M8Y
19277,2M8Z
19278,2M90
19279,2M91
19280,2M92
19281,2M93
19282,2MTI
19283,2M96
19285,2M97
19286,2M98
19287,2M99
19288,2M9A
19290,4BS2
19291,2M9E
19292,2M9F
19293,2M9G
19294,2M9H
19295,2M9I
19296,2M9J
19298,2M9K
19299,2M9U
19300,2M9L
19302,2M9M
19303,2M9N
19304,2M9O
19305,2M9P
19306,2M9Q
19309,2M9R
19311,2M9V
19312,2M9W
19314,2M9X
19315,2M9Y
19317,2MA1
19319,2MA2
19320,2MMY
19327,2MA4
19328,2MA5
19329,2MA6
19331,2MA7
19333,2MA9
19334,2MAA
19340,2MAB
19342,2MAE
19343,2MLH
19354,2MAH
19355,2MAI
19356,4BWH
19362,2MAJ
19363,2MAK
19365,2MAL
19366,2MAO
19367,2MAP
19368,4BXU
19372,2MAR
19374,2MAU
19375,2MAV
19376,4BYA
19379,2MAW
19380,2MAX
19381,2MAY
19382,2MB0
19383,2MB1
19386,2MB2
19387,2MB3
19389,2MB4
19390,2N2J
19391,2MB7
19392,2MB9
19394,2MBB
19395,2MBC
19396,2MBD
19397,2MBE
19398,2MBF
19399,2MBH
19400,4BY9
19402,2MBJ
19403,2MBK
19404,2MBL
19406,2MBO
19412,2MBQ
19413,2MBS
19414,5TLQ
19415,2MBV
19416,2MBY
19417,2MBT
19421,2MBZ
19422,2MC0
19423,2MC1
19425,2MC2
19427,2MC4
19428,2MC5
19429,2MC6
19430,2MC7
19431,2MC8
19432,2MC9
19433,2MCA
19435,2MCC
19436,2MCD
19437,2MCE
19438,2MCF
19439,2MCH
19440,2MCI
19441,2MCJ
19444,2MCK
19447,2MCN
19448,2MCO
19449,2MCQ
19450,2MCR
19452,6AMR
19453,2MCT
19454,2MCU
19455,2MCV
19456,2MCW
19457,2MCX
19458,2MCY
19459,2MCZ
19460,2MD0
19461,6D5Z
19462,6D53
19463,2N67
19464,4C26
19468,2MD1
19469,2MD2
19470,2MD3
19471,2MD4
19472,2MD7
19473,2MD8
19474,2MD5
19476,2MD6
19479,2MD9
19482,2MDA
19483,2MDC
19484,2MDF
19486,2MDG
19487,2MDI
19488,2MDJ
19489,2MDK
19493,2MZF
19498,2MDP
19501,2MDQ
19502,2MDR
19503,2MDU
19504,2MDV
19505,2MDW
19508,2MDX
19510,2MDZ
19511,2ME0
19512,2ME1
19513,2ME2
19514,2ME3
19515,2ME4
19516,2MV7
19519,2ME7
19520,2ME8
19521,2ME9
19522,2MEJ
19523,2MEK
19524,2MEL
19525,4C7Q
19526,2MEM
19527,2MEN
19528,2MEO
19530,2MH9
19531,2MET
19532,2MEU
19533,2MEW
19534,2MF0
19535,2MF3
19536,2MF4
19538,2MF7
19539,4CA3
19540,2MF8
19541,4CA9
19542,2MFA
19544,2MFC
19545,2MFD
19546,2MFE
19547,2MFF
19548,2MFG
19549,2MFH
19550,2MFI
19551,2MPH
19552,2MFJ
19553,2MFK
19554,2MFL
19555,2MFM
19556,2MFO
19557,2MFP
19558,2MYI
19562,2MFQ
19568,2MFR
19570,2MFS
19571,2MFT
19572,2MFU
19573,2MFV
19577,2MFX
19578,2MFY
19579,2MFZ
19580,2MG0
19581,2MG1
19582,2MG2
19583,2MG3
19585,2MG4
19586,2MG5
19587,2MG6
19592,2MG8
19593,2MG9
19594,2MGN
19595,2MGO
19600,2MGQ
19601,2MGS
19602,2MGT
19604,2MGU
19605,2MGV
19606,2MGW
19607,2MGX
19608,2MGY
19609,2MGZ
19610,2MH0
19611,2MH1
19613,2MH2
19614,2MH3
19617,2MH4
19618,2MI2
19619,2MH5
19620,2MH6
19621,2MHF
19622,2N0S
19623,2MH8
19625,2MHC
19626,2MJF
19627,2MHD
19628,2MHE
19632,2MHG
19633,2MHH
19634,2MHI
19635,2MHJ
19637,2MHL
19638,2MHM
19642,2MHN
19643,2MHO
19646,2MHP
19653,4CH1
19654,2MHS
19657,2MHV
19658,2MHW
19659,2MHX
19660,2MHY
19661,2MHZ
19662,2MI0
19663,2MI1
19664,2NDO
19666,2MI5
19667,2MI6
19668,2MI7
19670,2MI8
19673,2MIC
19674,2MID
19675,2MIE
19677,2MIF
19678,2MIG
19679,2MIH
19681,2MII
19682,2MIQ
19683,2MIJ
19684,2MIO
19685,2MY7
19687,2MIM
19688,2MNJ
19689,2MZV
19692,2MIS
19693,2MIT
19694,2MIU
19695,2MIV
19696,2MIW
19697,2MIX
19698,2MIY
19699,2MIZ
19700,2MJ0
19701,2MJ1
19702,2MJ2
19703,2MJ3
19704,2MJ4
19707,2MJ6
19709,2MJ7
19710,2MJ8
19712,2MJ9
19713,2MJA
19714,2MN6
19716,2MJC
19717,2MJD
19718,2MJE
19726,2MJH
19727,2MJI
19728,2MJJ
19729,2MJK
19731,2MJL
19732,2MJM
19735,2MJN
19736,2MXN
19737,2MJU
19738,2MJV
19739,2MJW
19741,2MJO
19745,2MJX
19746,2MJY
19747,2MJZ
19748,2MK1
19749,2MK2
19750,2MK3
19751,2MK4
19752,2MK5
19753,2N03
19755,2MK6
19758,6FD7
19759,2MK7
19764,2MK9
19765,2MKB
19766,2MKC
19771,2MKE
19773,2MKF
19774,2MKG
19775,2MKH
19776,2MKI
19777,2MKJ
19778,2MKK
19779,4CPG
19782,6GCJ
19783,2MKL
19784,2MKM
19789,2MKP
19791,2MKR
19792,2MKS
19797,2MKV
19798,2MKW
19799,2MKX
19800,2MKY
19801,2MKZ
19806,2ML5
19807,2ML6
19808,2ML7
19809,2ML9
19810,2MLA
19811,2MLB
19813,2MLD
19816,2MLE
19817,2MLF
19821,2MLG
19822,2MLI
19823,2MLJ
19824,4CRP
19826,2MLM
19828,2MLO
19829,2MLQ
19830,2MM8
19832,2MLU
19833,2MLV
19834,2MLW
19835,2MLX
19836,2MLY
19837,2MLZ
19840,2MM0
19841,2MM2
19843,2MM3
19845,2MM4
19846,2MM5
19847,2MM6
19848,4CSQ
19849,2MM9
19850,2MMA
19851,2MMB
19852,2MMC
19853,2MMF
19854,2MMG
19855,2MMI
19856,2MMJ
19857,2MMK
19858,2MML
19859,2MMM
19860,2MMP
19861,2MMQ
19862,2MMR
19863,2MMS
19865,2MMT
19866,2ND4
19867,2MMU
19869,2MMV
19870,2MMX
19872,2MMZ
19873,2MN0
19874,2MN1
19875,2MPC
19876,2MN2
19878,2MN3
19879,2MN4
19880,2MN5
19881,2MN7
19882,2MN8
19883,2MN9
19886,2MNB
19887,2MNC
19888,2MND
19889,2MNE
19890,2MNF
19891,2MNG
19892,2MNH
19893,2MNI
19901,2MNQ
19902,2MNS
19904,2N87
19905,2MX4
19906,2MNU
19910,2MNW
19911,4CZ3
19912,2MNX
19913,2MNY
19914,2MNZ
19915,2MO0
19916,2MO1
19917,2MO2
19921,2MO5
19925,2MO7
19929,4CZ4
19932,2MOA
19933,2MOC
19938,6ALI
19939,2MOE
19941,2MOF
19942,2MOG
19943,2MOI
19945,2MOK
19946,2MOL
19947,2MOP
19952,2MOU
19953,2MOV
19954,2MOW
19955,2MOX
19957,2NBJ
19958,2MP0
19959,4CYK
19960,2MP1
19961,2MP2
19962,2MP3
19963,2MP5
19966,2N34
19970,2MP8
19971,2MXA
19973,2MP9
19974,2MPB
19977,2MPF
19978,2MPG
19979,2MPI
19984,5LW4
19984,6TWE
19986,2MPJ
19987,2MPK
19988,2MPL
19989,2MPM
19994,2MPN
19998,2MPQ
20009,2RVD
20048,2LXG
20074,2KIB
20115,2KS9
20116,2KSA
20117,2KSB
21000,2MMW
21019,2RSW
25000,2MPT
25001,2MPV
25002,2MPW
25004,2MPZ
25005,2MPX
25007,2MQ0
25008,2MQ1
25009,2MQ2
25010,2MQ3
25011,2MQ4
25012,2MQ5
25016,2MQ6
25018,2MQ8
25020,2MQ9
25024,2MQA
25026,2MQB
25027,2MQC
25028,2MQD
25030,2MQE
25031,2MQF
25032,2MQG
25033,2MQH
25036,2MQJ
25037,2MQK
25038,2MQL
25039,2MQM
25040,2MQN
25041,2MQO
25042,2MQP
25043,2MQQ
25047,4UQT
25048,2MQS
25049,2MQT
25050,2MQU
25052,2MQV
25061,2MR5
25062,2MR6
25064,2MR7
25065,2MR8
25066,2MR9
25067,2MRA
25068,2MRC
25069,2MRD
25070,2MRE
25071,2MRF
25076,2MS7
25079,2MV6
25081,2MRJ
25082,2MRK
25083,2MRL
25085,2MRM
25086,2MRN
25087,2MV4
25088,2MWS
25092,2MRU
25096,2MRW
25098,2MRY
25099,2MRZ
25100,2MS0
25101,2MS1
25102,2MS3
25104,2MS4
25106,2MS5
25107,2MS6
25109,2MS8
25110,2MS9
25112,2MSA
25114,2MSC
25115,2MSD
25116,2MSE
25122,2MSF
25123,2MSG
25124,2MSK
25125,2MSL
25127,2MSN
25128,2MSO
25129,2MSQ
25130,2MSR
25131,2MSU
25132,5ISN
25135,2MSV
25137,2MSW
25138,2N3F
25139,2MSX
25142,2MSY
25147,2MT3
25148,2MT4
25149,2MT5
25150,2MT6
25151,2MT7
25152,2MT8
25153,2MT9
25155,2MTB
25156,2MTC
25157,2MTD
25158,2MTE
25159,2MTF
25160,2MTG
25163,2MTJ
25164,2MTK
25165,2MTL
25168,2MU4
25169,2MTM
25171,2MTN
25174,2MTO
25175,2N32
25176,2MTP
25177,2MTQ
25181,2MTS
25186,2MTT
25187,2MTU
25188,2MTV
25189,2MTW
25190,2MTX
25191,2MTY
25192,2MTZ
25194,2N2E
25195,2MU0
25200,2MU6
25201,2MU7
25202,2MU8
25203,2MU9
25204,2MUA
25205,2MUB
25206,2MUD
25207,2MUE
25209,2MUF
25210,4UZM
25211,2MUG
25212,2MUH
25213,4UZW
25214,4UZX
25215,2MUJ
25217,2MUK
25219,2MUL
25220,2MVS
25221,2MUM
25223,2MUN
25229,2MUQ
25230,2MUR
25232,2MUT
25233,2MUV
25234,2MUW
25235,2MUY
25236,2MUZ
25237,2N45
25238,2MV1
25240,2MV2
25241,2MV3
25242,4V10
25243,2MYU
25248,5LG7
25249,5LG0
25250,2MV8
25251,2MV9
25254,2MVA
25259,2MVB
25260,2MVC
25261,2MVD
25263,6MNT
25265,2MVF
25266,2MVG
25268,2MVH
25269,2MVI
25270,2MVJ
25273,2MVK
25274,2MVL
25275,2MVM
25276,2MVN
25277,2MVO
25277,6QFP
25281,2N2M
25283,2MVT
25284,2MVU
25287,2MVV
25288,2MVW
25289,2MVX
25291,2MVY
25293,2MW0
25294,2MW1
25296,2MW2
25297,2MW3
25298,2MW4
25299,2MW5
25300,2MW6
25302,2MW7
25307,2MW8
25308,2MWC
25309,2MW9
25310,2MWA
25311,2MWB
25312,4D4W
25313,2MWD
25314,2MWE
25315,2MWF
25324,2MWH
25326,2MWI
25331,2MWJ
25332,2MWK
25334,2N7H
25335,2MWL
25342,2MWM
25343,2MWN
25347,2MWO
25348,2MWP
25349,5AHT
25350,2MWQ
25352,2MWR
25363,2MWT
25372,4D7X
25376,2MWX
25377,2MWY
25378,2MWZ
25380,2MX0
25381,2MX1
25382,2MX2
25394,2MX6
25395,2MX7
25396,2MXB
25397,2MX8
25398,2MX9
25400,2N93
25402,2MXC
25404,2MXD
25405,2MXE
25407,2MXF
25408,2MXG
25409,2MXH
25411,5LDL
25414,2MXJ
25415,2MXK
25416,2MXL
25419,2MXM
25421,2MXO
25423,2MXP
25424,2MXQ
25427,2MXS
25428,2MXT
25429,2MXU
25433,2MXV
25434,2MXW
25435,2MXX
25436,2MXY
25437,2MXZ
25439,2MY1
25442,2MY2
25443,2MY3
25446,2MY5
25447,2MY6
25448,2MY9
25449,2MYF
25451,2MYG
25452,2MYH
25454,2MYJ
25456,2MYL
25457,2MYM
25458,2MYQ
25459,2MYV
25460,2MYW
25461,2MYX
25464,2MYY
25465,2MYZ
25468,2MZ0
25469,2MZ1
25470,2MZ2
25471,2MZ3
25472,2MZ4
25474,2MZ6
25475,2MZ7
25476,2MZ8
25477,2MZ9
25478,2MZA
25482,2MZB
25483,2MZC
25484,2MZD
25485,5UE2
25485,5UE5
25486,2MZF
25487,2MZG
25488,2MZH
25489,2MZI
25490,2MZK
25491,2MZL
25492,2MZN
25493,5ODD
25495,2MZP
25496,2MZQ
25497,2MZR
25498,2MZS
25499,2MZT
25502,2MZU
25504,2MZW
25505,2MZX
25508,2MZY
25509,2MZZ
25510,2N00
25512,2N01
25513,2N02
25514,2N04
25515,2N05
25516,2N07
25517,2N08
25518,2N0A
25519,2N0B
25520,2N0C
25521,2N0D
25522,2N0E
25523,2N0F
25524,2N0G
25525,2N0H
25526,2N0J
25527,2N0K
25528,5IV1
25529,2N0O
25531,2N0Q
25534,2N0R
25536,2N0U
25537,2N0V
25538,2N0W
25539,2N0X
25540,2N0Y
25541,2N0Z
25542,2N10
25543,2N11
25544,2N12
25545,2N13
25546,2N14
25548,2N16
25551,2N18
25552,2N19
25553,2N1A
25554,2N1B
25555,2N1C
25556,2N1D
25558,2N1E
25559,2N1G
25560,2N1H
25562,2N1I
25564,2N1K
25565,2N1L
25567,2N1M
25568,2N1N
25569,2N1O
25570,2N1P
25571,2N1Q
25573,2N1R
25574,2N1S
25575,2N1U
25576,2N1V
25577,2N1W
25582,2N21
25584,2N23
25585,2N24
25587,2N26
25588,2N27
25590,6ALK
25591,2N28
25592,2N29
25593,2N2A
25595,2N2C
25596,2N2D
25597,2N2F
25598,2N2G
25599,2N2H
25602,2N2N
25603,2N2O
25604,2N2P
25605,2N2Q
25609,2N2R
25610,2N2S
25611,2N2T
25612,2N2U
25613,2N2V
25614,2N2W
25615,2N2X
25627,2N2Y
25630,2N2Z
25631,2N30
25632,2N31
25634,2N35
25636,2N37
25638,2N39
25639,2N3A
25640,2N3B
25642,2N3D
25643,2N3E
25645,2N3J
25649,2N3K
25650,2N3L
25651,2N3M
25652,2N3O
25653,2N3P
25654,2N3Q
25655,2N3R
25656,2N3S
25657,2N3T
25658,5A4G
25659,2N3X
25660,2N3Y
25661,5LWJ
25662,2N3Z
25663,2N40
25664,2N41
25666,2N4E
25667,2N4G
25668,2N4H
25669,2N4J
25670,2N4K
25671,2N4L
25672,2N4M
25673,2N4N
25675,2N4P
25677,2N4Q
25678,2N4R
25679,2N4S
25680,2N4T
25681,2N4U
25682,2N4V
25683,2N4W
25684,5A4H
25685,2N4X
25686,2N4Y
25688,2N50
25689,6FW4
25690,2N51
25691,2N52
25692,2N53
25693,2N54
25694,2N55
25699,2N58
25700,2N59
25702,2N5A
25703,2N5B
25704,2N5C
25706,2N5D
25710,2N5E
25712,2N5F
25716,2N5H
25717,2N5I
25718,2N5J
25719,2N5K
25720,2N5L
25722,2N5M
25723,2N5O
25724,2N5P
25725,2N5Q
25726,2N5R
25729,2N5S
25731,2N5T
25732,2N5U
25734,5AAQ
25735,5AAS
25736,5AAY
25737,2N5W
25740,2N5X
25741,2N5Y
25742,5AAZ
25744,2N5Z
25745,5ABK
25746,2N60
25748,2N62
25749,2N63
25750,2N64
25751,2N65
25753,2N66
25754,2N68
25755,2N69
25757,2N6A
25758,2N6B
25759,2N6C
25760,2N6D
25761,2N6E
25762,2N6F
25763,2N6G
25764,2N6H
25765,2N6I
25766,2N6J
25768,2N6L
25769,2N6M
25770,5LGF
25774,2N6N
25775,2N6O
25776,2N6P
25778,2N6R
25780,2N6S
25781,2N6T
25782,2N6U
25783,2N6V
25784,2N6W
25785,2N6X
25786,2N6Y
25787,2N6Z
25788,2N70
25789,2N71
25790,2N72
25791,2N73
25793,2N74
25794,2N75
25796,2N77
25797,2N79
25798,2N7A
25799,2N7B
25800,2N7C
25801,2N7D
25802,2NAN
25803,2N7E
25804,2N7F
25805,2N7G
25806,2N7I
25807,2N7J
25808,2N7K
25810,2N7L
25811,2N7M
25813,2N7N
25814,2N7O
25816,2N7P
25817,2N7Q
25818,2N7R
25819,2N7S
25820,2N7T
25825,2NBW
25826,2N7X
25828,2N7Z
25829,2N80
25830,2N81
25831,2N82
25833,2N83
25834,2N84
25835,2N85
25836,2N86
25837,2N88
25839,5FIM
25840,2N89
25844,2N8B
25845,2N8C
25846,2N8D
25847,2N8E
25848,2N8F
25849,2N8G
25850,2N8I
25852,2N8J
25853,2N8K
25854,2N8L
25855,2N8M
25856,2N8N
25857,2N8O
25858,2N8P
25859,2N8R
25864,2N8S
25865,2N8T
25866,2N8U
25867,2N8V
25868,2N8W
25869,2N8X
25870,2N8Y
25871,2N8Z
25872,2N90
25874,2N91
25877,2N92
25881,2N95
25882,2N96
25883,2N97
25886,2N98
25887,2N99
25888,2N8A
25898,2N9A
25899,2N9B
25900,2N9C
25901,2N9E
25902,6C0A
25903,2N9F
25905,2N9G
25906,2N9H
25907,2N9I
25908,2N9J
25909,2N9K
25910,2N9L
25911,2N9M
25913,2N9O
25914,2N9P
25915,2N9Q
25916,2N9R
25917,2N9T
25918,2N9U
25919,2N9X
25920,2N9Y
25922,2N9Z
25923,2NA1
25924,2NA2
25926,2NA3
25927,2NA4
25928,2NA5
25929,2NA6
25930,2NA7
25931,2NA8
25932,2NA9
25933,2NAA
25934,2NAB
25935,2NAE
25939,2NAJ
25941,2NAL
25942,2NAM
25943,2NAQ
25944,2NAR
25945,5FRG
25946,2NAT
25947,2NAU
25948,2NAV
25949,2NAW
25953,2NAX
25954,2NAY
25955,5FRF
25956,5FRH
25957,2NB0
25958,2NB1
25959,2NB2
25961,2NB4
25962,2NB5
25963,2NB6
25965,2NB7
25966,2NB8
25967,2NB9
25968,5MMU
25969,2NBA
25970,2NBB
25971,2NBC
25972,2NBD
25973,2NBE
25974,2NBF
25975,2NBG
25976,2NBH
25979,6CO4
25982,2NBL
25983,2NBM
25984,2NBN
25985,2NBQ
25986,2NBO
25987,2NBP
25993,2NBR
25994,2NBS
25995,2NBV
25996,2NBX
25997,2NBY
25998,2NBZ
25999,2NC0
26000,2NC1
26001,2NC2
26002,5FZV
26003,5FZW
26004,5FZX
26005,2NC3
26006,2NC4
26007,2NC5
26008,2NC6
26009,2NC7
26010,2NC8
26011,2NC9
26012,2NCA
26016,2NCE
26021,2NCG
26022,2NCH
26024,2NCI
26025,5KGQ
26026,2NCJ
26031,2NCL
26032,2NCQ
26033,2NCR
26034,2NCS
26035,2NCT
26036,2NCU
26037,2NCV
26038,2NCW
26040,2NCY
26041,2NCZ
26042,2ND0
26043,2ND1
26045,2ND2
26046,2ND3
26047,2ND5
26049,2ND6
26050,2ND7
26051,2ND8
26052,2ND9
26053,2NDA
26054,2NDB
26055,2NDC
26056,2NDD
26057,2NDE
26059,2NDF
26060,2NDG
26061,2NDH
26062,2NDI
26063,2NDK
26064,2NDL
26065,2NDM
26066,2NDN
26068,2NDP
26517,5AGQ
26518,5AIW
26530,6SJW
26530,6SJX
26536,2N09
26537,2N0N
26538,2N0I
26547,4YYP
26550,2N1F
26553,5AJ1
26568,5A17
26568,5A18
26574,2N9D
26577,6BHO
26580,5A3G
26582,6BHN
26593,2N56
26603,2NCN
26649,2N78
26674,2N8H
26688,2NA0
26691,2N94
26692,2NAO
26715,6TUB
26723,2NCO
26724,2NCP
26725,5IE8
26750,5UHU
26753,5MQX
26780,6HPI
26802,5O6F
26805,6POJ
26821,5TM0
26840,5O7J
26842,6GZK
26842,6GZR
26844,6MPO
26867,5U4K
26889,5MIZ
26919,5O2Y
26933,5H6V
26952,6TTA
27034,5N9Q
27051,6NAN
27078,6F7E
27081,5WLP
27085,6QBZ
27095,6BUT
27144,5W77
27146,6Q44
27151,6NUI
27167,6HKA
27173,6T51
27211,6F3K
27211,6R8N
27212,5OQV
27227,5Y95
27239,5OWI
27242,5OWJ
27243,6AX5
27251,6QXZ
27271,6B7G
27277,6SO0
27284,6OCV
27284,6WQE
27289,6BG9
27305,6DRF
27313,6BQS
27313,6CRL
27316,6F46
27349,6C00
27354,5ZCZ
27356,5ZD0
27357,6FGM
27396,6CCJ
27397,6S3W
27432,6G8O
27433,6CUC
27435,6E3C
27439,6G7G
27452,6HAG
27453,6S10
27466,6GF2
27468,6YEG
27468,6YQ5
27503,6RK3
27506,6NFW
27530,6CTB
27532,6YE5
27552,6AAU
27581,6HKC
27610,6HNF
27632,6MPP
27652,6IMS
27664,6N13
27666,6I9B
27683,6QJY
27687,6Z98
27690,6WBU
27692,7L8V
27730,6QBJ
27741,2KY9
27781,6VK2
27839,6OH1
27863,6R9Z
27875,6U19
27880,6XV2
27893,6TWR
27961,6Y3I
27965,6Y3H
27967,6Y3K
27977,6SAP
27989,6YTS
27990,6SFT
28014,7AFQ
28016,6Y3L
28028,6XXU
28042,6UYI
28042,6UYJ
28052,6TR8
28058,6SJW
28094,6W3M
30000,5GAJ
30002,5HOU
30003,5HP0
30004,5HPD
30005,5HUZ
30006,5HV8
30007,5HVC
30008,5I1R
30009,5I1X
30010,5I22
30011,5I2P
30012,5I2V
30013,5I4G
30015,5HQF
30016,5HQQ
30017,5I8N
30019,5IAY
30020,5IAZ
30021,5ID3
30022,5ID5
30023,5IEB
30024,5IEC
30025,5IEJ
30026,5IEM
30027,5IEW
30028,5IIR
30029,5IIV
30030,5IJ4
30031,5IM8
30032,5ION
30033,5IPO
30034,5IRD
30035,5IRT
30037,6HT4
30038,5IV1
30039,5IX5
30040,5IX9
30042,5IZB
30043,5IQ5
30044,5IZP
30045,5J05
30046,5J0M
30047,5J17
30048,5J18
30049,5J1O
30050,5J2R
30051,5J2W
30052,5J3F
30053,5J3G
30054,5J3I
30055,5J4P
30056,5J4W
30057,5J6T
30058,5J6U
30059,5J6V
30060,5J6W
30061,5J6Z
30062,5J7J
30063,5J8H
30064,5J8T
30065,5JDP
30066,5JDX
30067,5JHI
30068,5JHJ
30069,5JI4
30070,5JN6
30071,5JOJ
30072,5JOL
30073,5JPL
30074,5JPW
30075,5JPX
30076,5JR0
30077,5JS7
30078,5JS8
30079,5JTK
30080,5JTL
30081,5JTM
30082,5JTN
30083,5JTO
30084,5JTP
30085,5JTQ
30086,5JTR
30087,5JWJ
30088,5JXV
30089,5JYH
30090,5JYN
30091,5JYT
30092,5JYU
30093,5JYV
30094,5JZR
30097,5K57
30098,5K5F
30099,5K5G
30100,5K6P
30101,6CMY
30102,5KES
30105,5KGV
30106,5KGY
30107,5KGZ
30108,5KH8
30109,5KHB
30110,5KI0
30111,5KI4
30112,5KI5
30113,5KI7
30114,5KIB
30115,5KIE
30116,5KIF
30117,5KIH
30118,5KIZ
30119,5KJ3
30120,5KJG
30121,5KK3
30123,5KK9
30124,5KKM
30126,5KNW
30127,5KP0
30128,5KPE
30129,5KPH
30130,5KQB
30131,5KQC
30132,5KQE
30133,5KQJ
30134,5KRW
30135,5KS5
30136,5KS6
30137,5KTF
30138,5KVN
30139,5KVP
30140,5KWO
30141,5KWP
30142,5KWX
30143,5KWZ
30144,5KX0
30145,5KX1
30146,5KX2
30147,5KZO
30148,5L06
30149,5L1C
30150,6BF2
30151,5L2G
30152,5L34
30153,5SXY
30154,5SYQ
30155,5SZW
30156,5T0X
30157,5T17
30158,5T1N
30159,5T1O
30160,5T3M
30161,5T3Y
30162,5T42
30163,5T43
30164,5T4R
30165,5T56
30167,5T6T
30168,5T6V
30170,5T7Q
30171,5T82
30172,5T8A
30176,5TBG
30177,5TBN
30178,5TBQ
30179,5TBR
30180,5TCE
30181,5TCZ
30184,5TGG
30185,5TGW
30186,5TGY
30188,5TJ1
30189,5TLQ
30190,5TLR
30191,6ALT
30192,5TMX
30193,5TN0
30194,5TN2
30195,5TP5
30196,5TP6
30197,5TR5
30198,5TRN
30199,5TTB
30200,5TTT
30201,5TVZ
30202,5TWI
30203,5TWW
30204,5TX8
30205,5U3H
30206,5U5S
30207,5U6H
30208,5U6L
30209,5U87
30210,5U9B
30211,5U9Q
30212,5U9R
30213,5U9S
30214,5U9V
30215,5U9X
30216,5U9Y
30217,5UA6
30218,5UA7
30219,5UA8
30220,5UB0
30221,5UBS
30222,5UCE
30223,5UCF
30224,5UF3
30225,5UG3
30226,5UG5
30227,5UGK
30229,5UI6
30230,5UI7
30231,5UJ5
30232,5UJG
30232,6E1L
30233,5UJH
30234,5UJL
30234,5UJN
30235,5UJQ
30236,5UJR
30237,5UKE
30238,5UKZ
30239,5UNK
30240,5UOI
30241,5UP1
30242,5UP5
30243,5URN
30244,5US3
30245,5US5
30246,5UTG
30247,5UTV
30248,5UY2
30249,5UYO
30250,5UZ1
30251,5UZ2
30252,5UZ3
30253,5UZD
30254,5UZF
30255,5UZI
30256,5UZL
30257,5UZT
30258,5UZZ
30259,5V0Y
30260,5V11
30261,5V16
30262,5V17
30263,5V1E
30265,5V2B
30267,5V2G
30268,5V2R
30270,5V4C
30271,5V4U
30273,5V7Z
30274,5VAV
30275,5VEY
30276,5VF0
30281,5VFW
30282,5VH7
30283,5VH8
30284,5VJ8
30285,5VKG
30286,5VKV
30287,5VL6
30288,5VLN
30289,5VNT
30290,5VO7
30291,5VR1
30292,5VR5
30293,5VSO
30295,5VTO
30296,5VWE
30297,5VWL
30298,5VX7
30300,5VZM
30301,5W0Y
30303,5W3G
30304,5W3N
30305,5W4S
30306,5W54
30307,5W72
30308,5W88
30308,5WCL
30309,5W8Y
30310,5W8Z
30311,5W96
30312,5W9F
30313,5WAH
30314,5WBT
30315,5WCV
30316,5WDZ
30317,5WE3
30318,5WLX
30319,5WOC
30320,5WOD
30321,5WOE
30322,5WOT
30323,5WOV
30324,5WOW
30325,5WOX
30326,5WOY
30327,5WOZ
30328,6ALS
30329,6ALU
30330,6ALY
30331,6AMV
30332,6AMW
30333,6ANF
30334,6AP5
30335,6ASF
30336,6AST
30337,6AWK
30338,6AWM
30339,6AX2
30340,6AXD
30341,6AXI
30342,6AZA
30343,6AZF
30344,6AZG
30345,6B1G
30346,6B34
30347,6B35
30348,6B3N
30349,6B3U
30350,6B9K
30351,6B9W
30351,6BI5
30352,6BA3
30353,6BA6
30354,6BAM
30354,6BB6
30355,6BE7
30356,6BE9
30357,6BEN
30358,6BEO
30359,6BEQ
30360,6BER
30361,6BES
30362,6BET
30363,6BEU
30364,6BEW
30365,6BF3
30366,6BF5
30367,6BGG
30368,6BGH
30370,6BI6
30371,6BJF
30372,6BL9
30373,6BNH
30373,6MNL
30374,6BP9
30375,6BQI
30375,6U1L
30375,6U1O
30376,6BR0
30377,6BTV
30378,6BUC
30379,6BV7
30380,6BVU
30381,6BVW
30382,6BVX
30383,6BVY
30385,6BX9
30386,6BY4
30386,6BY5
30388,6BYV
30389,6BZJ
30390,6BZK
30391,6BZL
30391,6OKW
30394,6C2U
30395,6C2V
30396,6C41
30397,6C44
30398,6C8U
30399,6CAH
30400,6CC9
30401,6CCH
30402,6CCW
30403,6CCX
30404,6CE5
30404,6CUS
30404,6CV8
30404,6CW4
30405,6CEG
30406,6CEI
30407,6CEJ
30408,6CFA
30409,6CFB
30410,6CGH
30411,6CGW
30412,6CGX
30413,6CHC
30414,6CIV
30415,6CIX
30416,6CJ8
30417,6CJD
30418,6CJZ
30419,6CKD
30420,6CKF
30421,6CKQ
30422,6CKU
30423,6CKV
30424,6CL3
30425,6CLZ
30426,6CM1
30427,6COO
30428,6COP
30429,6COQ
30430,6COR
30431,6COS
30432,6COT
30433,6COU
30434,6COV
30435,6COW
30436,6CPI
30437,6CPJ
30438,6CPK
30439,6CSK
30440,6CSZ
30441,6CT1
30442,6CT4
30443,6CTG
30444,6CUI
30445,6CWS
30446,6CXN
30447,6CXP
30448,6CXQ
30449,6CXR
30450,6CZT
30450,6D10
30451,6D2H
30452,6D2U
30453,6D37
30454,6D3T
30456,6D6S
30457,6D6X
30458,6D74
30459,6D8H
30460,6D8Q
30461,6D8R
30462,6D8S
30463,6D8T
30464,6D8U
30465,6D8Y
30466,6D93
30467,6D9O
30468,6D9P
30469,6DG1
30470,6DHR
30471,6DL4
30472,6DLN
30473,6DM7
30474,6DMP
30475,6DMZ
30476,6DNY
30477,6DO6
30478,6DO7
30478,6DRG
30479,6DRI
30480,6DSL
30481,6DST
30482,6DUL
30483,6DUU
30484,6DVT
30485,6DXM
30486,6DZ9
30487,6DZA
30488,6DZB
30489,6DZC
30490,6DZE
30491,6E25
30492,6E26
30493,6E4H
30494,6E4J
30494,6NS8
30495,6E5C
30496,6E5H
30497,6E5I
30498,6E5J
30499,6E5K
30500,6E5N
30501,6E83
30502,6E86
30503,6E8W
30503,6UJV
30503,6V4T
30504,6E98
30505,6E9M
30506,6ED9
30507,6EE9
30508,6EFE
30509,6MBM
30510,6MCE
30511,6MCF
30512,6MCI
30513,6MF8
30514,6MG9
30515,6MI5
30516,6MI9
30517,6MIE
30518,6MIF
30519,6MJD
30520,6MJV
30521,6MK4
30522,6MK5
30523,6MK7
30524,6MK8
30525,6MM4
30527,6MSP
30528,6MUN
30529,6MV3
30530,6MW6
30531,6MWM
30532,6NJF
30533,6MXQ
30534,6MY1
30535,6MY2
30536,6MY3
30537,6MZA
30538,6MZT
30543,6N2M
30544,6N68
30545,6N8C
30546,6N8F
30547,6N8H
30548,6N8I
30550,6NBN
30551,6NE8
30552,6NEB
30553,6NHW
30554,6NHY
30555,6NK9
30556,6NL3
30557,6NM2
30558,6NM3
30559,6NNB
30560,6NOA
30561,6NOM
30562,6NOX
30565,6NU4
30566,6NUG
30567,6NVZ
30568,6NW8
30569,6NX4
30570,6NZ2
30571,6NZL
30572,6NZN
30573,6O0C
30574,6O0I
30575,6O1Q
30576,6O22
30577,6O2L
30579,6O3Q
30580,6O3S
30583,6O6I
30584,6O6W
30585,6O7G
30586,6O8J
30586,6O8P
30587,6O8R
30588,6O8S
30590,6OB1
30591,6OBI
30592,6OBK
30593,6OBW
30594,6OC2
30595,6OC4
30596,6OC9
30597,6OFA
30598,6OHX
30599,6OKX
30600,6OKY
30601,6OLD
30602,6OQ2
30603,6OQ9
30604,6OQH
30605,6OQJ
30606,6OQK
30607,6OQP
30608,6OSW
30609,6OTA
30610,6OVC
30611,6OWR
30613,6P6B
30614,6P6C
30615,6PEZ
30616,6PF0
30617,6PI2
30618,6PI3
30619,6PIN
30620,6PIO
30621,6PIP
30622,6PK9
30623,6PMG
30625,6POR
30626,6PPC
30627,6PPT
30628,6PQ2
30629,6PQE
30630,6PQF
30631,6PQG
30632,6PQM
30633,6PQT
30634,6PRI
30635,6PRJ
30636,6PRP
30637,6PRQ
30638,6PSI
30639,6PTS
30640,6PTW
30641,6PV0
30642,6PV1
30643,6PV2
30644,6PV3
30645,6PVR
30646,6PVT
30647,6PX7
30648,6PX8
30650,6Q08
30651,6Q1X
30652,6Q2I
30653,6TZE
30654,6U24
30655,6U3R
30656,6U3S
30656,7JSQ
30657,6U46
30658,6U4M
30659,6U4N
30660,6U6G
30661,6U6P
30662,6U6Q
30663,6U6R
30664,6U6S
30665,6U79
30666,6U7Q
30667,6U7R
30668,6U7S
30669,6U7U
30670,6U7W
30671,6U7X
30672,6UCH
30673,6UCO
30674,6UCP
30675,6UD0
30676,6UF2
30677,6UHW
30678,6UJU
30679,6UM9
30680,6URS
30681,6UT2
30682,6UX5
30683,6UXS
30684,6UZJ
30686,6UZ4
30687,6UZ5
30688,6V0L
30690,6V1N
30691,6V1W
30692,6V4I
30693,6V5D
30694,6V5L
30695,6V6T
30696,6V88
30697,6VA1
30698,6VA2
30699,6VA3
30700,6VA4
30701,6VAR
30702,6VE9
30703,6VED
30704,6VEE
30705,6VFO
30706,6VG7
30707,6VGA
30708,6VGB
30710,6VGT
30711,6VH8
30712,6VHJ
30713,6VIQ
30713,7JVF
30714,6VJQ
30716,6VL2
30717,6VLA
30718,6VLJ
30719,6VNZ
30720,6VPN
30721,6VRJ
30722,6VTI
30723,6VU1
30724,6VVJ
30725,6VWB
30726,6VXG
30727,6VXW
30728,6VY7
30729,6VY8
30730,6VZC
30731,6W0O
30734,6W4E
30735,6W4F
30736,6W9N
30737,6WA1
30738,6WA3
30739,6WA4
30740,6WA5
30741,6WAP
30741,6X63
30744,6WPB
30745,6WPD
30746,6WPO
30747,6WPV
30748,6WQJ
30749,6WQL
30750,6WQR
30753,6X1K
30754,6X46
30755,6X4X
30757,6X7I
30758,6X8R
30760,6XCR
30761,6XCU
30763,6XEH
30765,6XFL
30767,6XN9
30768,6XOR
30770,6XR6
30771,6XR7
30772,6XRG
30773,6XRY
30774,7JGI
30775,7JGX
30776,7JGY
30777,7JH1
30778,7JHF
30782,7JMY
30783,7JN6
30784,7JNN
30786,7JQ8
30787,7JS6
30788,7JU1
30789,7JU9
30790,7JYN
30791,7JYZ
30792,7K1M
30793,7K1Q
30795,7K3G
30798,7K6B
30799,7K7A
30800,7K7F
30801,7KAA
30808,7KLO
30809,7KLR
30812,7KNV
30813,7KPD
30814,7KRB
30827,7L51
30828,7L53
30829,7L54
30830,7L55
30833,7L7A
30861,7LQT
30867,7LUW
30868,7LVA
30881,7M25
30882,7M27
30883,7M28
30884,7M29
30885,7M2A
30886,7M2B
30887,7M2C
30889,7M3U
34000,5L3L
34001,5L3M
34002,5L3N
34003,5L6R
34004,5L7B
34005,5L7M
34006,5L82
34007,5L85
34008,5LAH
34009,5LAM
34010,5LAO
34011,5LBJ
34012,5LCB
34013,5LCI
34014,5LCS
34015,5LDL
34016,5LFF
34017,5LFH
34018,5LFI
34019,5LFY
34022,5LG9
34024,5LGM
34025,5LIG
34026,5LKN
34027,5LM0
34028,5LME
34029,5LMY
34030,5LNF
34031,5LO2
34032,5LO3
34033,5LO4
34034,5LQG
34035,5LQH
34036,5LQV
34037,5LSD
34038,5LSN
34039,5LUE
34040,5LV6
34041,5LVF
34042,5LVY
34043,5LW8
34044,5LWC
34045,5LXJ
34046,5LXK
34047,5LXL
34048,5M0A
34049,5M1G
34050,5M1H
34051,5M1L
34052,5M1U
34053,5M1W
34054,5M2L
34055,5M4T
34056,5M4W
34057,5M8I
34058,5M9D
34059,5M9U
34060,5M9Y
34061,5M9Z
34062,5MBR
34063,5MCR
34064,5MCS
34065,5MF3
34066,5MF8
34067,5MF9
34068,5MFY
34069,5MGQ
34070,5MHD
34071,5MJX
34072,5ML1
34073,5MMC
34074,5MMK
34075,5MML
34076,5MN3
34077,5MNW
34078,5MOU
34079,5MPG
34080,5MPL
34081,5MRG
34082,5MSL
34083,5MTA
34084,5MTG
34085,5MTI
34086,5MVB
34087,5MWQ
34088,5MWV
34089,5MWW
34090,5MXL
34091,5MXS
34092,5MXT
34093,5MYE
34094,5N14
34095,5N2O
34098,5N5A
34099,5N5B
34100,5N5C
34101,5N6R
34102,5N7Y
34103,5N8L
34104,5N8M
34105,5N9U
34106,5N9V
34108,5NAM
34109,5NAO
34110,5NB9
34111,5NBB
34112,5NCA
34113,5NCE
34114,5NDA
34115,5NF8
34116,5NHQ
34118,5NIP
34119,5NIQ
34120,5NKO
34121,5NMY
34122,5NOC
34123,5NPA
34124,5NPG
34125,5NQ4
34126,5NR5
34127,5NR6
34129,5NVB
34130,5NVP
34131,5NWM
34132,5NWU
34133,5NWV
34134,5NWW
34135,5NYS
34136,5NYT
34137,5NYU
34138,5NZ9
34139,5O1Q
34140,5O1T
34141,5O2M
34142,5O2P
34143,5O2Q
34144,5O2V
34145,5O4D
34146,5O57
34149,5O9B
34151,5OAO
34152,5OAP
34153,5OAY
34154,5OB4
34155,5OBN
34157,5ODF
34158,5ODM
34159,5OE1
34160,5OEK
34161,5OEO
34162,5OGA
34163,5OGU
34164,5OHD
34165,5OJT
34166,5OLF
34167,5OMZ
34168,5OPH
34169,5OQK
34170,5OQS
34171,5OR0
34172,5OR5
34173,5OUN
34174,5OV2
34175,5OVM
34176,6EHZ
34178,6EKA
34179,6EMO
34180,6EMP
34181,6EMQ
34182,6EMR
34183,6ENA
34184,6EQY
34185,6ER0
34186,6ERL
34187,6ES5
34188,6ES6
34189,6ES7
34190,6ESP
34191,6EVI
34193,6EWS
34194,6EWT
34195,6EWU
34196,6EWV
34198,6EY3
34199,6EZ0
34200,6EZ4
34201,6F0Y
34202,6F24
34203,6F27
34206,6F3V
34207,6F3W
34208,6F3X
34209,6F3Y
34210,6F4Z
34211,6F55
34212,6F61
34213,6F7M
34214,6F7N
34215,6F7O
34216,6F8E
34217,6F98
34218,6F99
34219,6F9A
34220,6FBL
34221,6FC9
34222,6FCE
34223,6FDP
34224,6FDT
34225,6FE6
34226,6FEH
34227,6FFQ
34228,6FFR
34229,6FFU
34231,6FGN
34232,6FGP
34233,6FGS
34234,6FI7
34235,6FIP
34236,6FNV
34237,6FS4
34238,6FS5
34239,6FTK
34240,6FVC
34243,6FWN
34244,6FY6
34245,6FY7
34246,6FZK
34247,6G03
34248,6G04
34249,6G4A
34250,6G4I
34251,6G4K
34252,6G4U
34253,6G4V
34254,6G4X
34255,6G5R
34256,6G5S
34257,6G81
34258,6G99
34259,6GBM
34260,6GC3
34261,6GD5
34262,6GDK
34263,6GDL
34264,6GDZ
34265,6GE1
34266,6GE2
34267,6GFT
34268,6GGZ
34269,6GH0
34270,6GIF
34271,6GIG
34272,6GIJ
34273,6GIK
34274,6GIL
34276,6GMY
34277,6GN4
34278,6GNZ
34279,6GO0
34280,6GPI
34281,6GQ9
34282,6GRV
34283,6GS5
34284,6GS9
34285,6GSE
34286,6GSF
34287,6GT7
34288,6GV6
34289,6GV7
34290,6GVQ
34290,6GVT
34291,6GVU
34292,6GW7
34293,6GW8
34294,6GWM
34295,6GWX
34296,6GZ7
34297,6GZN
34298,6H0I
34299,6H0J
34300,6F2X
34301,6H0Q
34302,6H1K
34303,6H3E
34304,6H5H
34305,6H7I
34306,6H7Q
34307,6H8C
34308,6HD2
34309,6HH0
34311,6HMI
34312,6HMO
34313,6HN9
34314,6HNE
34315,6HNG
34316,6HNH
34317,6HPJ
34318,6HQ1
34319,6HVB
34319,6HVC
34320,6HVK
34321,6HYK
34322,6HZ2
34323,6I1V
34324,6I1W
34325,6I2O
34326,6I3R
34328,6I4O
34329,6I57
34330,6I9H
34331,6IA0
34332,6IA4
34333,6IB6
34334,6Q2Z
34335,6Q5Z
34336,6Q6E
34337,6Q8L
34338,6QAM
34339,6QAN
34340,6QAX
34341,6QAY
34342,6QB0
34343,6QB1
34344,6QBI
34345,6QBK
34346,6QBL
34347,6QEB
34348,6QES
34349,6QET
34350,6QEU
34351,6QF8
34352,6QH2
34353,6QHI
34354,6QJB
34355,6QK5
34356,6QK6
34357,6QKF
34358,6QKP
34359,6QKQ
34360,6QM1
34361,6QS0
34362,6QTC
34363,6QTF
34365,6QWR
34366,6QXB
34367,6QXC
34369,6QYR
34370,6QYS
34371,6QYT
34372,6QYU
34373,6QYV
34374,6QYW
34376,6R0J
34378,6R14
34379,6R1V
34380,6R28
34381,6R2X
34383,6R3C
34384,6R5G
34385,6R8D
34385,7AFR
34386,6R8E
34387,6R95
34388,6R96
34389,6R9K
34390,6R9L
34391,6R9Z
34392,6RC7
34393,6RFM
34394,6RH5
34395,6RH6
34396,6RHY
34397,6RIO
34398,6RLS
34399,6RPV
34400,6RQS
34401,6RRL
34402,6RRO
34403,6RS3
34404,6RSF
34405,6RSG
34406,6RSM
34407,6RSS
34408,6RVA
34409,6RWG
34410,6RY9
34411,6RYQ
34412,6RZ1
34413,6RZC
34414,6S0N
34416,6S2D
34417,6SAA
34418,6SAB
34419,6SAI
34420,6SCW
34421,6SDW
34422,6SDY
34423,6SGO
34424,6SJX
34425,6SLY
34427,6SNJ
34428,6SO9
34429,6SOE
34430,6SOW
34431,6SUU
34432,6SVC
34433,6SVE
34434,6SVH
34435,6SX3
34436,6SX6
34437,6SY2
34438,6SYK
34439,6SZC
34440,6SZF
34441,6T2G
34442,6T3I
34443,6TAZ
34444,6TC8
34445,6TCG
34446,6TDD
34447,6TDM
34448,6TDN
34449,6TEY
34451,6TG5
34452,6TH8
34453,6THI
34454,6TI5
34455,6TI6
34456,6TI7
34457,6TIQ
34457,6TIR
34459,6TJ3
34460,6TK0
34461,6TL0
34462,6TO6
34463,6TOB
34464,6TPB
34465,6TPH
34466,6TR0
34467,6TR2
34468,6TRM
34469,6TRP
34470,6TT6
34471,6TT8
34472,6TTC
34473,6TV5
34474,6TVJ
34475,6TVM
34476,6TWG
34477,6TXT
34478,6XTH
34479,6XTI
34480,6XTT
34481,6XWI
34482,6XWJ
34483,6XWW
34483,6XXB
34484,6XXA
34485,6XYH
34486,6XYI
34487,6XYV
34487,7A4L
34487,7A58
34488,6Y06
34489,6Y07
34490,6Y1H
34491,6Y1Q
34492,6Y4H
34493,6Y6M
34494,6Y8V
34495,6Y8W
34496,6Y94
34497,6Y95
34498,6Y96
34499,6YCV
34500,6YDH
34502,6YEP
34503,6YET
34504,6YEU
34506,6YHF
34507,6YHI
34508,6YHO
34509,6YHP
34510,6YHX
34511,6YI3
34511,7ACS
34511,7ACT
34512,6YJL
34514,6YTC
34516,6YY4
34518,6Z35
34521,6ZBI
34524,6ZL2
34525,6ZL9
34526,6ZLE
34528,6ZPR
34531,6ZSO
34532,6ZSS
34533,6ZTE
34534,6ZTG
34542,6ZX6
34543,6ZX7
34547,6ZZE
34548,6ZZF
34552,7A2D
34553,7A3Y
34560,7AEP
34564,7ALD
34567,7ASY
34568,7AT7
34569,7ATB
34570,7ATY
34571,7ATZ
34574,7AY8
34577,7B3J
34578,7B3K
34579,7B4Z
34580,7B71
34581,7B72
34582,7B7O
34586,7BEV
34587,7BFS
34588,7BFX
34594,7NBK
34595,7NBL
34599,7NEJ
34602,7NHZ
34607,7NN6
34609,7NRN
36000,5B7A
36001,5B7J
36005,5GGM
36006,5GHB
36007,5GHC
36008,5GHD
36009,5GIW
36011,5GJL
36012,5GO0
36013,5GOW
36014,5GPH
36016,5GSF
36017,5GVO
36018,5GVQ
36019,5GWG
36020,5GWL
36021,5GWM
36022,5GWQ
36023,5H1H
36024,5H1I
36025,5H2S
36026,5H3M
36027,5H3N
36034,5H7U
36037,5WQZ
36038,5WRX
36040,5WUZ
36041,5WXE
36044,5WYE
36045,5WYO
36047,5X0S
36048,5X1X
36049,5X29
36050,5X34
36051,5X35
36052,5X36
36053,5X37
36054,5X38
36055,5X39
36056,5X3C
36057,5X3L
36058,5X3Y
36059,5X3Z
36060,5X4F
36061,5X5S
36062,5X6T
36064,5X9X
36066,5XBD
36068,5XDI
36069,5XDJ
36070,5XE4
36071,5XEE
36072,5XEK
36073,5XER
36074,5XES
36075,5XHT
36077,5XI9
36078,5XIR
36079,5XIV
36080,5XJK
36081,5XK4
36082,5XK5
36083,5XM4
36084,5XME
36085,5XN4
36086,5XND
36087,5XNG
36096,5XQM
36097,5XR1
36098,5XRX
36101,5XV8
36103,5XZK
36105,5Y0H
36106,5Y0I
36107,5Y0J
36109,5Y22
36110,5Y3U
36111,5Y4B
36112,5Y70
36114,5YDX
36115,5YDY
36116,5YEY
36117,5YFG
36119,5YI4
36124,5YKK
36125,5YKL
36126,5YKQ
36129,5YQ3
36133,6IJQ
36136,5YXI
36142,5YZ6
36143,5YZ9
36146,5Z1Y
36147,5Z26
36148,5Z2O
36149,5Z31
36150,5Z32
36157,5Z5Q
36158,5Z5R
36159,5Z80
36160,5Z8F
36161,5Z8I
36162,5Z8Q
36163,5Z9C
36165,5ZAZ
36166,5ZC6
36167,5ZCN
36168,5ZEV
36171,5ZFO
36172,5ZGG
36174,5ZLD
36175,5ZMB
36176,5ZMR
36177,5ZNU
36179,5ZOR
36180,5ZPV
36181,5ZR0
36185,5ZUH
36186,5ZUX
36187,5ZUZ
36207,6AHZ
36220,6IVS
36221,6IVU
36228,6J12
36258,6K59
36263,6K84
36264,6K8Q
36265,6KBO
36266,6KBV
36273,6KLM
36284,6KR8
36299,6LAG
36309,6LQZ
36320,6M3N
36321,6M56
36329,7BPN
36330,7BPP
36331,7BQB
36332,7BQC
36333,7BQD
36334,7BQE
36342,7BV9
36343,7BW5
36345,7BWI
50001,6SFT
50007,6UCJ
50007,6UCK
50015,6YJ0
50027,6T33
50088,6TKT
50114,6YEL
50117,7NIP
50124,6Y0I
50167,6Z5N
50202,6YFY
50218,6YI2
50219,6YHZ
50236,6WLH
50263,6Z0G
50264,6Z0H
50265,6Z0I
50268,6XB7
50269,7JXG
50337,7LHQ
50411,7JK8
50464,7K7X
50842,7MC1
50842,7MC2
50842,7MC3
